id,first_name,last_name,email,address,credit_card_num,credit_card_type,balance
1,Dominick,Trounce,dtrounce0@mysql.com,655 Oakridge Pass,5602256395332298,bankcard,£490.60
2,Keir,Loxdale,kloxdale1@xing.com,01445 Anthes Drive,5108756810119351,mastercard,£175.51
3,Thorvald,Edgeworth,tedgeworth2@cnet.com,19 Dapin Alley,3554979092525418,jcb,£253.40
4,Odelia,De Winton,odewinton3@gmpg.org,4 Laurel Alley,5423066880493050,mastercard,£221.30
5,Kirsti,Glassard,kglassard4@yahoo.co.jp,0 Golf View Avenue,5481434870247127,mastercard,£484.76
6,Hatty,Weiss,hweiss5@wix.com,67 Aberg Alley,30594421522315,diners-club-carte-blanche,£456.75
7,Malachi,Wych,mwych6@godaddy.com,97143 Sommers Terrace,3538063030488418,jcb,£328.31
8,Andrej,Cuttle,acuttle7@comsenz.com,763 Calypso Point,3579782902637980,jcb,£178.97
9,Tabbatha,Engel,tengel8@ow.ly,9388 Caliangt Park,560225654498645106,china-unionpay,£476.07
10,Franky,Alti,falti9@samsung.com,594 Victoria Trail,3534166904368261,jcb,£132.65
11,Oralie,Warrior,owarriora@cpanel.net,31666 Pennsylvania Court,4041590178013242,visa,£58.17
12,Jenica,Lynnett,jlynnettb@nps.gov,8 Melody Center,5100130076083651,mastercard,£108.31
13,Lana,De Angelo,ldeangeloc@360.cn,6 Barby Avenue,5020843697195475,maestro,£96.46
14,Ardenia,Yesinov,ayesinovd@google.fr,8 Sherman Park,3576915570969821,jcb,£408.58
15,Helena,Immings,himmingse@furl.net,74101 Little Fleur Place,63042877506326031,laser,£27.66
16,Cahra,Evenett,cevenettf@slashdot.org,047 Fisk Trail,3573153020307185,jcb,£266.90
17,Sharline,Bradborne,sbradborneg@hp.com,31582 Burning Wood Lane,30372942316396,diners-club-carte-blanche,£454.80
18,Federico,Pauler,fpaulerh@skyrock.com,355 Riverside Place,3576133066895373,jcb,£252.26
19,Brooks,Gammel,bgammeli@google.com,6092 Delaware Point,5602220289951142,china-unionpay,£320.17
20,Shane,Vesco,svescoj@cnet.com,69 Pankratz Junction,491117957564827469,switch,£496.68
21,Genevra,Bennedick,gbennedickk@time.com,05602 Bowman Junction,3574692952779829,jcb,£442.07
22,Kaile,Stanbra,kstanbral@miibeian.gov.cn,5 Mosinee Alley,3548519408092759,jcb,£147.35
23,Hieronymus,Le Marchant,hlemarchantm@discuz.net,729 Utah Drive,3537269705070610,jcb,£302.04
24,Lyndell,Kolushev,lkolushevn@php.net,38 Schmedeman Park,3563716828765614,jcb,£433.78
25,Regen,Zellner,rzellnero@sun.com,5 Golf Course Road,36629079748608,diners-club-international,£0.26
26,Lindon,Wixey,lwixeyp@tiny.cc,76910 Nevada Avenue,3543967669172502,jcb,£356.18
27,Charmaine,Brandassi,cbrandassiq@yandex.ru,348 Moulton Junction,5219606558325106,mastercard,£348.00
28,Nariko,Pocknoll,npocknollr@chronoengine.com,8 Debs Pass,4405673363696268,visa-electron,£29.21
29,Marylin,Coxhead,mcoxheads@icio.us,52 Hintze Parkway,30425770742040,diners-club-carte-blanche,£126.64
30,Lazarus,Wilks,lwilkst@si.edu,6314 Memorial Hill,5602233680406825006,china-unionpay,£238.38
31,Aurelea,MacLucais,amaclucaisu@joomla.org,82 Coolidge Street,6761665270396278679,maestro,£157.80
32,Laetitia,Brody,lbrodyv@hatena.ne.jp,09 Melby Avenue,30304461791154,diners-club-carte-blanche,£3.05
33,Seamus,Pulfer,spulferw@sphinn.com,8591 Dovetail Street,3533197934831318,jcb,£55.49
34,Lissi,Giddy,lgiddyx@nasa.gov,4029 Pennsylvania Place,56022356917662159,china-unionpay,£211.27
35,Corrie,Heffernan,cheffernany@nymag.com,60233 Truax Place,3562689589050099,jcb,£388.40
36,Richard,Vanyashin,rvanyashinz@usgs.gov,5411 Weeping Birch Alley,5200692171036933,mastercard,£375.01
37,Sarena,Comoletti,scomoletti10@bing.com,819 Surrey Circle,372301110786235,americanexpress,£273.05
38,Clevey,Milliere,cmilliere11@canalblog.com,01 Summit Lane,4913002377287663,visa-electron,£280.06
39,Alyce,Hearnes,ahearnes12@php.net,7 Becker Hill,5108757491659277,mastercard,£403.25
40,Ulrika,Mordanti,umordanti13@china.com.cn,6150 Declaration Junction,3562849454371026,jcb,£219.87
41,Hansiain,Allwright,hallwright14@sbwire.com,4 Derek Avenue,3560849847432230,jcb,£100.41
42,Guss,Hickin,ghickin15@nasa.gov,582 Mayfield Place,67061249599760020,laser,£248.02
43,Kellyann,Sommerlin,ksommerlin16@pen.io,13 Pepper Wood Alley,3586284997558602,jcb,£197.00
44,Florie,Ladbrook,fladbrook17@tumblr.com,378 Katie Parkway,3561190676866357,jcb,£32.40
45,Minette,MacShane,mmacshane18@t.co,8 Debra Drive,6759598522267130,switch,£468.90
46,Kaitlynn,Covill,kcovill19@cdc.gov,6907 Longview Plaza,3546224373284232,jcb,£247.27
47,Drusilla,Gidney,dgidney1a@gizmodo.com,88 Havey Pass,3585330614462222,jcb,£325.63
48,Kim,Mousdall,kmousdall1b@csmonitor.com,1186 Lakewood Circle,5010124291686934,mastercard,£95.67
49,Myranda,Inseal,minseal1c@dyndns.org,72895 Porter Junction,3588451323789155,jcb,£232.90
50,Darby,Sewley,dsewley1d@hatena.ne.jp,45861 Manufacturers Trail,3555311549102865,jcb,£216.39
51,Lawrence,Climo,lclimo1e@un.org,70 Maple Parkway,4026088708100521,visa-electron,£210.12
52,Courtnay,Trasler,ctrasler1f@army.mil,05 Westend Parkway,3579431484613049,jcb,£101.15
53,Kearney,Moran,kmoran1g@illinois.edu,6 Karstens Street,3546489701969412,jcb,£1.25
54,Dorisa,Rigardeau,drigardeau1h@yale.edu,79 Shelley Place,4911897509263413,switch,£272.15
55,Sonni,MacNeish,smacneish1i@wikispaces.com,353 Waywood Hill,3564410259677287,jcb,£97.26
56,Abraham,Peffer,apeffer1j@mashable.com,4 Northview Park,6334898510776785,solo,£42.56
57,Alia,Lambirth,alambirth1k@cyberchimps.com,91 Anniversary Crossing,6759345559242020836,switch,£325.06
58,Wilfrid,Caddock,wcaddock1l@reddit.com,6178 Old Gate Crossing,3581936107976736,jcb,£5.00
59,Kira,Lowery,klowery1m@illinois.edu,8143 Autumn Leaf Circle,3582624986972872,jcb,£124.80
60,Gwyneth,Cantopher,gcantopher1n@tmall.com,8 Lighthouse Bay Parkway,30402379085352,diners-club-carte-blanche,£483.77
61,Denys,O'Fairy,dofairy1o@dagondesign.com,43 La Follette Terrace,30126833810879,diners-club-carte-blanche,£167.84
62,Cherianne,Geraldo,cgeraldo1p@google.com.au,93699 Redwing Street,3535471787745828,jcb,£433.93
63,Trista,Borleace,tborleace1q@umn.edu,2018 Bellgrove Way,3549735897012004,jcb,£116.68
64,Tremain,Elnough,telnough1r@huffingtonpost.com,969 Welch Lane,5261070371875176,mastercard,£307.51
65,Sheena,Hugnot,shugnot1s@guardian.co.uk,6 Leroy Avenue,6390981970498271,instapayment,£320.52
66,Miranda,Frango,mfrango1t@indiegogo.com,5 Anthes Terrace,3538162073476841,jcb,£135.31
67,Sherlocke,Westhofer,swesthofer1u@wikia.com,340 Buena Vista Hill,30193955971731,diners-club-carte-blanche,£319.54
68,Stephanus,Leving,sleving1v@over-blog.com,4 Fair Oaks Circle,6331106808769907,switch,£72.77
69,Ericka,Ilyasov,eilyasov1w@washington.edu,47019 Dixon Park,36777434005089,diners-club-international,£86.75
70,Avrit,Bradwell,abradwell1x@archive.org,1619 Warner Point,5048377381810576,mastercard,£149.78
71,Vincenty,Banat,vbanat1y@cnbc.com,59784 Longview Street,3550447060782126,jcb,£233.77
72,Gardner,Perch,gperch1z@artisteer.com,5256 Maryland Crossing,5100170937856218,mastercard,£180.22
73,Gae,Caswill,gcaswill20@issuu.com,4 Schurz Way,5602212542935442,china-unionpay,£299.20
74,Rozella,Mohring,rmohring21@vimeo.com,4 Basil Trail,3580215739637185,jcb,£8.08
75,Ricky,Giacoboni,rgiacoboni22@cnet.com,842 Hanover Pass,5010123426455827,mastercard,£485.95
76,Killian,Hadcock,khadcock23@skyrock.com,0896 Kropf Pass,4175008434188557,visa-electron,£230.81
77,Kirbie,Ronchetti,kronchetti24@kickstarter.com,97750 Thierer Parkway,3543788592061269,jcb,£347.46
78,Gregorius,Jeanon,gjeanon25@sbwire.com,8874 Messerschmidt Trail,4508169352199667,visa-electron,£147.10
79,Hy,Vashchenko,hvashchenko26@si.edu,972 Eliot Road,201643714838715,diners-club-enroute,£147.64
80,Jordan,Grahamslaw,jgrahamslaw27@usda.gov,23371 Northridge Plaza,3584806940155409,jcb,£39.51
81,Nikolas,Becker,nbecker28@shop-pro.jp,097 Eliot Plaza,3541177508821515,jcb,£2.55
82,Jocelyn,Gidney,jgidney29@reuters.com,9 Cherokee Place,5445087070267678,mastercard,£483.47
83,Jaclin,Helm,jhelm2a@blog.com,55 Fuller Way,3568718940261865,jcb,£247.90
84,Dulcy,Wilton,dwilton2b@ebay.com,0 Stephen Center,491190659986702375,switch,£283.51
85,Justine,Slaughter,jslaughter2c@flickr.com,30 Old Gate Drive,5010125202107100,mastercard,£344.14
86,Berny,Curnock,bcurnock2d@a8.net,225 Bonner Terrace,491107847420369529,switch,£264.06
87,Kerr,Whorlton,kwhorlton2e@naver.com,5733 Caliangt Trail,377575270621697,americanexpress,£218.81
88,Merla,Gheeraert,mgheeraert2f@tumblr.com,95 Blackbird Parkway,5002351708606813,mastercard,£463.23
89,Belicia,Jennions,bjennions2g@ovh.net,3 Springs Drive,3588039264610785,jcb,£51.14
90,Juana,Melonby,jmelonby2h@mapquest.com,80 Mayfield Way,4041375589470631,visa,£319.65
91,Candy,Tasseler,ctasseler2i@salon.com,0796 Paget Hill,4017955210455,visa,£477.81
92,Odelia,Wakeford,owakeford2j@china.com.cn,8833 Westend Court,3581588875410628,jcb,£298.98
93,Sharron,Bullcock,sbullcock2k@whitehouse.gov,861 Sunbrook Trail,6389857788488550,instapayment,£386.64
94,Florence,Bertelsen,fbertelsen2l@netvibes.com,1 Burrows Alley,376505656998295,americanexpress,£58.67
95,Ken,Friary,kfriary2m@t.co,2524 Oak Crossing,6370392807121918,instapayment,£432.99
96,Ingram,Lanphere,ilanphere2n@hao123.com,21 Goodland Pass,201857667092381,diners-club-enroute,£235.50
97,Basia,Kopecka,bkopecka2o@hc360.com,1 Ludington Plaza,501880786800255388,maestro,£60.79
98,Dee,Silversmidt,dsilversmidt2p@addtoany.com,92585 Washington Parkway,4041374910644279,visa,£112.16
99,Thaxter,Lucchi,tlucchi2q@mapy.cz,3 Alpine Court,374288243662953,americanexpress,£251.71
100,Nadia,Upham,nupham2r@alexa.com,929 Oakridge Terrace,3563969930749121,jcb,£275.54
101,Mickey,Muttitt,mmuttitt2s@pagesperso-orange.fr,70654 Corry Lane,5602218447510792,bankcard,£404.61
102,Gabrila,Gainsburgh,ggainsburgh2t@berkeley.edu,4 Esch Terrace,3550573844401038,jcb,£374.98
103,Jeffie,Bruckmann,jbruckmann2u@microsoft.com,930 Annamark Avenue,3545818479787369,jcb,£464.59
104,Emmery,Avis,eavis2v@google.it,8293 Heffernan Park,560221392260494577,china-unionpay,£462.96
105,Delano,Kurt,dkurt2w@youtu.be,1 Dexter Plaza,3556113756669563,jcb,£69.11
106,Sile,Iron,siron2x@msu.edu,882 Stang Parkway,3553424157329555,jcb,£42.96
107,Iris,Bowich,ibowich2y@imageshack.us,9024 Norway Maple Trail,3535678313397870,jcb,£40.61
108,Wald,Bengal,wbengal2z@lulu.com,19624 School Street,6762472729043692112,maestro,£403.05
109,Joye,Taffarello,jtaffarello30@purevolume.com,46 Tennessee Terrace,3533584617575421,jcb,£211.37
110,Tabitha,Mapledoram,tmapledoram31@cnn.com,2 Straubel Way,4936374313422529,switch,£158.81
111,Katrine,Fallanche,kfallanche32@tmall.com,2024 Oak Valley Park,5108759336686127,mastercard,£371.97
112,Arly,De Pero,adepero33@china.com.cn,63 Clarendon Crossing,5641826376416461921,switch,£51.31
113,Lena,Samter,lsamter34@tiny.cc,60 Northridge Pass,676298456036979641,maestro,£54.31
114,Bing,Seiffert,bseiffert35@comsenz.com,9415 Mesta Plaza,3573858012095743,jcb,£59.66
115,Stephenie,Kemble,skemble36@plala.or.jp,69720 Birchwood Lane,201643892698659,diners-club-enroute,£329.80
116,Bambie,Meekins,bmeekins37@tinypic.com,69 Saint Paul Pass,3558889563724687,jcb,£114.46
117,Ozzie,Von Welden,ovonwelden38@foxnews.com,3 Anhalt Way,58935476806173779,maestro,£376.74
118,Cary,Zincke,czincke39@github.io,1 Logan Plaza,3578671883640702,jcb,£378.80
119,Agata,Adiscot,aadiscot3a@harvard.edu,44690 Warbler Court,3534471117148090,jcb,£308.50
120,Alister,Petrovykh,apetrovykh3b@ihg.com,2975 Shoshone Court,6759899801010013,switch,£406.08
121,Candide,Thing,cthing3c@wix.com,3 Messerschmidt Point,3574830980445829,jcb,£416.16
122,Herman,Pennells,hpennells3d@weibo.com,78208 Rusk Point,3534937409774926,jcb,£157.17
123,Gil,Denman,gdenman3e@google.de,16 Steensland Trail,3562361303219919,jcb,£307.01
124,Bird,Showl,bshowl3f@spiegel.de,0 Bunting Trail,5602212223241490,bankcard,£493.57
125,Zaccaria,Kellen,zkellen3g@washington.edu,246 Hintze Way,4405928608529066,visa-electron,£179.14
126,Stevie,Roper,sroper3h@miibeian.gov.cn,843 Manitowish Alley,3556154479318005,jcb,£339.94
127,Grenville,Flegg,gflegg3i@amazon.co.uk,19 Messerschmidt Circle,30310832342148,diners-club-carte-blanche,£406.68
128,Horst,Sherrock,hsherrock3j@vimeo.com,15 Farwell Park,3567200457549876,jcb,£21.81
129,Mirabel,Poag,mpoag3k@phoca.cz,0 Sachtjen Pass,342791363886608,americanexpress,£178.53
130,Elvis,Meddemmen,emeddemmen3l@ycombinator.com,71 Prairie Rose Parkway,560225517803525406,china-unionpay,£227.87
131,Charil,Lewisham,clewisham3m@businessinsider.com,851 Drewry Court,3586239433609682,jcb,£1.19
132,Marcelia,Conrart,mconrart3n@goodreads.com,4330 Dakota Plaza,3572596991741561,jcb,£478.84
133,Conant,Rodliff,crodliff3o@google.fr,3 Larry Point,5539661933438069,mastercard,£172.81
134,Cordell,Stearn,cstearn3p@nhs.uk,20572 Graedel Circle,56022253222723836,china-unionpay,£438.97
135,Tabbie,Pooly,tpooly3q@imageshack.us,46 Butternut Street,3530565959777652,jcb,£177.55
136,Ricky,McMyler,rmcmyler3r@narod.ru,6636 Heath Pass,676289405956494017,maestro,£138.38
137,Madel,Teresi,mteresi3s@nbcnews.com,6 Esker Terrace,3536913224286295,jcb,£129.37
138,Munroe,Bridgeman,mbridgeman3t@stanford.edu,680 Fisk Pass,6771829151803265,laser,£206.02
139,Mariette,Terbruggen,mterbruggen3u@seattletimes.com,22444 Stone Corner Hill,3532682329863423,jcb,£458.21
140,Maurita,Gilmore,mgilmore3v@hugedomains.com,678 Nelson Terrace,3565283033219125,jcb,£175.90
141,Ellyn,Coleiro,ecoleiro3w@privacy.gov.au,694 David Center,3558632761208735,jcb,£448.96
142,Jenelle,Spinas,jspinas3x@furl.net,5856 Grayhawk Road,6762503504420151179,maestro,£204.26
143,Zollie,Harbertson,zharbertson3y@whitehouse.gov,3983 Jay Parkway,3556943903592437,jcb,£146.97
144,Garold,Radolf,gradolf3z@youtu.be,10 Bartelt Junction,3533773142959693,jcb,£447.93
145,Caitrin,Hellier,chellier40@wikia.com,9441 Wayridge Place,060487658867418452,maestro,£176.94
146,Eba,Tilne,etilne41@example.com,04 Maryland Trail,670935920520996827,laser,£454.11
147,Celeste,Skirrow,cskirrow42@ask.com,5146 Vidon Street,3569104933292846,jcb,£335.43
148,Web,Docharty,wdocharty43@ft.com,664 Toban Way,5002357654956318,mastercard,£431.38
149,Yorke,Croxford,ycroxford44@webeden.co.uk,6 Johnson Avenue,5602226274785577716,china-unionpay,£168.67
150,Skelly,Swinney,sswinney45@behance.net,52849 Del Sol Parkway,4917716186592494,visa-electron,£330.84
151,Keefer,Girodias,kgirodias46@gizmodo.com,1587 Dapin Drive,67062540078954640,laser,£61.10
152,Vale,Glantz,vglantz47@google.com,82 Nevada Court,5201394478923454,mastercard,£338.70
153,Al,Edinborough,aedinborough48@senate.gov,2729 Green Center,3539079462815802,jcb,£246.53
154,Blanca,Cockhill,bcockhill49@delicious.com,02027 Park Meadow Park,3553592602055288,jcb,£306.28
155,Cinderella,Maddigan,cmaddigan4a@posterous.com,6970 Manley Court,4041376741909672,visa,£209.34
156,Taber,Tellenbrook,ttellenbrook4b@goo.ne.jp,21 4th Alley,5641823642745453373,switch,£245.17
157,Tami,Daen,tdaen4c@photobucket.com,9 Rowland Pass,3566976788850247,jcb,£44.27
158,Wayland,Mowlam,wmowlam4d@huffingtonpost.com,38380 Jenifer Crossing,5602241052903011,bankcard,£459.80
159,Angelita,Fouracres,afouracres4e@hugedomains.com,57922 Spohn Terrace,378749218197347,americanexpress,£437.39
160,Joanna,Manktelow,jmanktelow4f@opensource.org,50 Artisan Drive,5602237786302136335,china-unionpay,£475.34
161,Darrel,Antonopoulos,dantonopoulos4g@usnews.com,3916 Merchant Road,6333039870372060,switch,£451.18
162,Flossi,Vannini,fvannini4h@walmart.com,8227 Warrior Avenue,3545583090341356,jcb,£33.56
163,Cherise,Jaggard,cjaggard4i@furl.net,7922 Main Park,4905842734282446501,switch,£439.52
164,Darsie,Blanckley,dblanckley4j@google.com.au,119 Green Place,3584980452760789,jcb,£86.94
165,Roobbie,Spikeings,rspikeings4k@domainmarket.com,4535 Calypso Place,4017954831564498,visa,£421.22
166,Giselbert,Arthan,garthan4l@bravesites.com,585 Ludington Avenue,3558187595149019,jcb,£476.77
167,Wyndham,Greenhowe,wgreenhowe4m@imageshack.us,7 Judy Plaza,374622796053501,americanexpress,£7.82
168,Ripley,Titmus,rtitmus4n@wordpress.org,032 Grasskamp Junction,3544890033058315,jcb,£346.75
169,Angelina,Idiens,aidiens4o@google.ca,46 Randy Center,5412632442363215,diners-club-us-ca,£216.57
170,Beret,Neilus,bneilus4p@vimeo.com,983 American Ash Circle,3542541939175685,jcb,£241.51
171,Stacee,McDermott,smcdermott4q@taobao.com,4 Loeprich Trail,3543518786083328,jcb,£28.80
172,Bamby,Durkin,bdurkin4r@com.com,7 Elgar Place,3552629658774940,jcb,£321.93
173,Kassi,Beaufoy,kbeaufoy4s@mail.ru,85040 Macpherson Terrace,3533198111673481,jcb,£421.94
174,Izabel,Priver,ipriver4t@ebay.co.uk,22946 Welch Trail,56101738600434372,china-unionpay,£362.72
175,Danika,Shubotham,dshubotham4u@bloomberg.com,7 Del Mar Crossing,6331103755928578,switch,£357.68
176,Lydie,Abbatt,labbatt4v@indiegogo.com,65 Butterfield Street,3529336847703331,jcb,£270.26
177,Reeva,Milburne,rmilburne4w@delicious.com,8 Loftsgordon Court,56022565505222800,china-unionpay,£193.45
178,Jory,Finlry,jfinlry4x@adobe.com,347 Village Green Circle,6759360766297624,switch,£156.89
179,Menard,Schlagtmans,mschlagtmans4y@ow.ly,9586 Moulton Terrace,3548153441005501,jcb,£52.32
180,Cassy,Hollingby,chollingby4z@slideshare.net,12 Columbus Road,5108752714458581,mastercard,£2.89
181,Naoma,Haddick,nhaddick50@reddit.com,1 Elmside Road,4041599102837,visa,£349.76
182,Ardeen,Allden,aallden51@yahoo.com,6 Kropf Junction,3586360889684720,jcb,£438.92
183,Sukey,Bowlesworth,sbowlesworth52@mac.com,423 Caliangt Lane,3553896053242950,jcb,£445.56
184,Madelon,Houdhury,mhoudhury53@usatoday.com,13047 Prairieview Road,5108759081370216,mastercard,£465.22
185,Carol,Noye,cnoye54@redcross.org,256 Northview Place,3536674275111531,jcb,£457.01
186,Wenona,Insley,winsley55@google.com.hk,00 Cardinal Junction,4041596756663266,visa,£43.11
187,Lanny,Greene,lgreene56@spotify.com,73128 Sunnyside Drive,5602239075543749,china-unionpay,£44.24
188,Meredithe,Kinney,mkinney57@yale.edu,0 Killdeer Lane,3542096439547297,jcb,£400.46
189,Ivett,Elcocks,ielcocks58@cargocollective.com,684 Donald Alley,6375990466852239,instapayment,£362.49
190,Marla,Georgi,mgeorgi59@t.co,8 Pine View Court,3566326587289850,jcb,£284.78
191,Jeannette,Slocket,jslocket5a@abc.net.au,17 Doe Crossing Court,3535676512558987,jcb,£443.54
192,Farica,Higgan,fhiggan5b@vk.com,10115 Manley Avenue,30417879676377,diners-club-carte-blanche,£437.79
193,Maury,Kadar,mkadar5c@jimdo.com,1 Ruskin Plaza,3533814867947891,jcb,£87.45
194,Nanine,Mcasparan,nmcasparan5d@goo.gl,79 Bultman Point,4041375163946,visa,£93.65
195,Florenza,Blindt,fblindt5e@1688.com,3406 Havey Point,5602241868360976,bankcard,£125.24
196,Garrik,Meneely,gmeneely5f@e-recht24.de,645 Canary Crossing,30267246601131,diners-club-carte-blanche,£223.25
197,Carlynn,Keneleyside,ckeneleyside5g@hc360.com,5013 Spenser Hill,6387968694652171,instapayment,£413.67
198,Natasha,Doe,ndoe5h@github.com,7 Karstens Way,371842107973741,americanexpress,£250.35
199,Tiler,Baldrick,tbaldrick5i@mit.edu,66500 American Ash Trail,30531404176404,diners-club-carte-blanche,£461.10
200,Tomasine,Jacklings,tjacklings5j@toplist.cz,6882 Burrows Crossing,3580749876579875,jcb,£393.52
201,Mandi,Dickings,mdickings5k@oaic.gov.au,21 Old Shore Trail,3581460776740109,jcb,£432.06
202,Cris,McGilvary,cmcgilvary5l@sogou.com,2908 Nova Place,5610787799956134,bankcard,£419.01
203,Mignonne,Benini,mbenini5m@goodreads.com,52004 Rigney Way,3585852334095859,jcb,£45.25
204,Charin,Shuker,cshuker5n@goo.ne.jp,8 Talmadge Crossing,3569429515441457,jcb,£86.79
205,Flint,Bate,fbate5o@prlog.org,4209 Waxwing Center,201443937227121,diners-club-enroute,£405.03
206,Ellette,Du Hamel,eduhamel5p@spotify.com,3 Vahlen Street,3538197911363702,jcb,£362.00
207,Chaddie,Armer,carmer5q@meetup.com,3977 Mesta Hill,4041597877355931,visa,£189.76
208,Auria,Barbrick,abarbrick5r@paginegialle.it,0502 Parkside Center,30058783788922,diners-club-carte-blanche,£378.66
209,Nissie,Cosslett,ncosslett5s@comsenz.com,4 Rigney Circle,4405268184039184,visa-electron,£7.17
210,Meggi,Peaurt,mpeaurt5t@sbwire.com,76419 Bowman Parkway,3544483009714051,jcb,£31.32
211,Jorey,Baddiley,jbaddiley5u@moonfruit.com,88143 Sage Lane,6304984209844918927,maestro,£161.59
212,Barbe,Richter,brichter5v@blogspot.com,5327 Morningstar Place,4936291317296636126,switch,£137.14
213,Derward,Chene,dchene5w@opera.com,09018 Clarendon Avenue,3551110447385711,jcb,£100.27
214,Ursulina,Coey,ucoey5x@sfgate.com,09233 Rieder Court,561030047845914064,china-unionpay,£278.50
215,Shirlene,Feldstein,sfeldstein5y@aol.com,2 Amoth Trail,589369759485436495,maestro,£124.95
216,Penni,Lempertz,plempertz5z@jalbum.net,347 Lyons Way,3534881362642946,jcb,£291.30
217,Charmaine,Choppen,cchoppen60@google.com.au,3 Pearson Alley,3541079609685858,jcb,£27.25
218,Florance,Rahill,frahill61@sciencedaily.com,28 Jenifer Junction,3561891407227864,jcb,£349.20
219,Hill,Rosthorn,hrosthorn62@mapy.cz,33390 Rieder Plaza,3556337106697152,jcb,£83.52
220,Trish,Ick,tick63@wikipedia.org,26 Fairview Drive,560225924436023058,china-unionpay,£313.30
221,Lambert,Skingley,lskingley64@pinterest.com,80 Packers Trail,30170077323926,diners-club-carte-blanche,£31.86
222,Rowen,Clerke,rclerke65@economist.com,032 Loomis Circle,3576691279942019,jcb,£117.89
223,Donalt,Kelledy,dkelledy66@ning.com,52 Melvin Junction,6391982814480029,instapayment,£262.90
224,Morley,Rupert,mrupert67@paginegialle.it,57 Warbler Court,3543630728558521,jcb,£12.42
225,Ginnie,Turney,gturney68@redcross.org,43587 Vernon Plaza,4041374580298,visa,£132.16
226,Kris,Looby,klooby69@technorati.com,9437 Scott Court,30271977766352,diners-club-carte-blanche,£223.22
227,Pietrek,Rosle,prosle6a@dagondesign.com,291 Harbort Trail,6334107604599922315,solo,£193.91
228,Madalyn,Hopkyns,mhopkyns6b@sfgate.com,462 Kensington Court,3555911925069529,jcb,£211.64
229,Harland,Fryd,hfryd6c@w3.org,6 Morning Street,4907939678274,visa,£159.75
230,Audre,Jutson,ajutson6d@feedburner.com,9054 Autumn Leaf Circle,5108757523259765,mastercard,£352.79
231,Leola,Marde,lmarde6e@google.pl,7311 Northfield Lane,3552596809597001,jcb,£197.58
232,Bette,Cussins,bcussins6f@engadget.com,32236 High Crossing Street,3540978611587617,jcb,£270.52
233,Coraline,Grelak,cgrelak6g@bravesites.com,5 Summerview Alley,5007661173954125,mastercard,£457.18
234,Francisca,Dailey,fdailey6h@msu.edu,81 Birchwood Park,4026193198169299,visa-electron,£260.17
235,Amalie,Clissold,aclissold6i@sourceforge.net,26 Crowley Circle,3570783372354097,jcb,£19.75
236,Abagail,Struss,astruss6j@lulu.com,646 Bay Point,3576192329705621,jcb,£199.82
237,Minta,Huebner,mhuebner6k@businesswire.com,2487 Londonderry Road,5602218149598533,bankcard,£448.26
238,Kelci,Kilbourne,kkilbourne6l@theguardian.com,8 Calypso Plaza,4936499484246637,switch,£250.40
239,Ernesto,Collough,ecollough6m@dmoz.org,359 Beilfuss Alley,5602216425693990480,china-unionpay,£230.86
240,Jamey,Vedekhov,jvedekhov6n@guardian.co.uk,81 Coolidge Center,3556840105364864,jcb,£236.48
241,Monty,Rohlf,mrohlf6o@thetimes.co.uk,164 Tony Circle,3575964836859963,jcb,£256.24
242,Amber,Ramas,aramas6p@berkeley.edu,853 Ludington Terrace,5641820705746937661,switch,£240.19
243,Esme,Esslement,eesslement6q@prlog.org,9 Rieder Lane,4405396564581614,visa-electron,£120.30
244,Euell,Stollwerck,estollwerck6r@usnews.com,051 Susan Place,30125017133413,diners-club-carte-blanche,£375.24
245,Ulrica,McRonald,umcronald6s@wikimedia.org,68 Loeprich Terrace,50383800970865965,maestro,£299.40
246,Flori,Rozanski,frozanski6t@usatoday.com,9 Artisan Street,3571223454998874,jcb,£216.18
247,Alfi,Haslock,ahaslock6u@tuttocitta.it,1248 Loomis Center,4844035728866078,visa-electron,£387.01
248,Carolee,MacGregor,cmacgregor6v@bigcartel.com,2391 Nova Place,36509379518416,diners-club-international,£350.44
249,Kevon,Maulin,kmaulin6w@latimes.com,1 Boyd Avenue,3572939654294413,jcb,£305.02
250,Em,Wooton,ewooton6x@time.com,6 Heffernan Way,5602229537439560,bankcard,£348.84
251,Mellisent,Baunton,mbaunton6y@nationalgeographic.com,30 Pearson Street,5602241340077867,bankcard,£39.37
252,Hayward,Lownsbrough,hlownsbrough6z@bloglines.com,282 Arkansas Park,6331109022632613300,switch,£125.64
253,Theressa,Masic,tmasic70@go.com,3372 Mosinee Way,345766055397178,americanexpress,£67.19
254,Katey,Thackeray,kthackeray71@histats.com,601 Ridgeview Lane,5038750571456339,maestro,£474.24
255,Ursala,McQuarrie,umcquarrie72@hugedomains.com,3168 John Wall Junction,5602243049057067,bankcard,£202.32
256,Gradey,Irce,girce73@barnesandnoble.com,2278 Basil Park,3540912081602887,jcb,£158.74
257,Vania,Spradbrow,vspradbrow74@sun.com,55 Blue Bill Park Point,6377020588222745,instapayment,£487.12
258,Lissie,Baumler,lbaumler75@craigslist.org,340 Bashford Circle,6378199154402441,instapayment,£251.88
259,Shae,Legges,slegges76@cpanel.net,88817 Chive Junction,5492270048250347,diners-club-us-ca,£345.96
260,Janela,Wolford,jwolford77@loc.gov,88 Kedzie Drive,30395503847095,diners-club-carte-blanche,£224.26
261,Damian,Ruskin,druskin78@economist.com,00041 Northport Center,56022457705469292,china-unionpay,£282.23
262,Mendy,Doumenc,mdoumenc79@ocn.ne.jp,4131 Iowa Pass,676326813884762394,maestro,£134.43
263,Averell,Ruffli,aruffli7a@github.io,0902 Lunder Point,5449041941850036,diners-club-us-ca,£262.66
264,Tove,Teissier,tteissier7b@census.gov,2607 Manitowish Plaza,3581106448111522,jcb,£397.51
265,Frederic,Sample,fsample7c@sphinn.com,11 Riverside Alley,3555522313592053,jcb,£84.24
266,Eric,Lyes,elyes7d@columbia.edu,0128 Norway Maple Crossing,3555556082620190,jcb,£169.42
267,Claudian,Fahrenbacher,cfahrenbacher7e@webmd.com,8561 Duke Place,3578622741138066,jcb,£113.12
268,Ervin,Dendon,edendon7f@gmpg.org,55 Arkansas Street,3560120640280212,jcb,£230.80
269,Vivyanne,Yexley,vyexley7g@nationalgeographic.com,56043 Bartillon Court,4026932260802927,visa-electron,£168.60
270,Thomas,Naerup,tnaerup7h@amazon.co.jp,52 Welch Street,30532681931875,diners-club-carte-blanche,£146.86
271,Dianna,Legonidec,dlegonidec7i@narod.ru,18248 Lighthouse Bay Plaza,3558439599355773,jcb,£232.56
272,Marshall,Fireman,mfireman7j@hugedomains.com,8 Valley Edge Court,3540298110941219,jcb,£5.67
273,Nyssa,Hartell,nhartell7k@storify.com,62 Forster Junction,201994179186664,diners-club-enroute,£250.15
274,Jennilee,Sebert,jsebert7l@twitpic.com,33 Lawn Junction,3575526536085775,jcb,£235.76
275,Joella,Loutheane,jloutheane7m@msu.edu,10830 Messerschmidt Road,5602242689295037,bankcard,£7.72
276,Mandel,Barnham,mbarnham7n@naver.com,81 Westend Avenue,3578388877709639,jcb,£121.39
277,Ree,Nottram,rnottram7o@oaic.gov.au,18502 North Point,3586494735948789,jcb,£199.43
278,Andrea,Bartolomeazzi,abartolomeazzi7p@1und1.de,99722 Melby Circle,201714805118265,diners-club-enroute,£232.38
279,Wynn,Knill,wknill7q@naver.com,13472 Redwing Alley,3562916419042669,jcb,£240.39
280,Bobby,Chowne,bchowne7r@jimdo.com,3 Lawn Junction,3572778941747654,jcb,£460.13
281,Elsa,Menilove,emenilove7s@netvibes.com,6178 Green Ridge Crossing,3536686808007929,jcb,£160.91
282,Allan,Viveash,aviveash7t@booking.com,380 Grayhawk Lane,3535168180791827,jcb,£91.32
283,Carmella,Starling,cstarling7u@berkeley.edu,85682 Towne Pass,4405373199805148,visa-electron,£278.03
284,Kristofor,Pinilla,kpinilla7v@multiply.com,22 Homewood Point,3561673495382417,jcb,£258.36
285,Daria,Clewes,dclewes7w@odnoklassniki.ru,24759 Evergreen Pass,3579967615035735,jcb,£476.55
286,Cele,Hundal,chundal7x@hc360.com,649 John Wall Place,5602230415632453148,china-unionpay,£86.93
287,Kris,Pyle,kpyle7y@mapy.cz,123 Arrowood Drive,5602220158357975,bankcard,£345.92
288,Saunders,Clear,sclear7z@harvard.edu,4 Butterfield Street,5048373273015069,mastercard,£336.93
289,Avie,Greger,agreger80@google.nl,24402 Loftsgordon Parkway,6767841772357056,solo,£362.09
290,Carleen,Tichelaar,ctichelaar81@cbslocal.com,698 Center Plaza,201605682605269,diners-club-enroute,£305.87
291,Vanya,Cawdron,vcawdron82@comsenz.com,18 Morning Plaza,3566789440958666,jcb,£422.88
292,Miles,Dumbellow,mdumbellow83@i2i.jp,15 Mallard Lane,374288040430802,americanexpress,£216.38
293,Salvador,Frondt,sfrondt84@nydailynews.com,115 Cascade Trail,3543922556461575,jcb,£11.15
294,Jonell,Oldham,joldham85@instagram.com,70812 Melvin Terrace,3554799884582041,jcb,£367.91
295,Shel,Applewhite,sapplewhite86@godaddy.com,01 Hagan Street,5288693214336574,mastercard,£222.65
296,Sylvan,Greendale,sgreendale87@gizmodo.com,98 Upham Alley,5274082897959298,mastercard,£190.49
297,Fee,Desantis,fdesantis88@phpbb.com,75 Oneill Road,4041594703918156,visa,£319.64
298,Wanids,Konig,wkonig89@t.co,0244 Eggendart Way,3534415615720637,jcb,£289.09
299,Phyllys,Bonallack,pbonallack8a@globo.com,3124 Tony Drive,3533714465219661,jcb,£484.89
300,Gabbie,Sunners,gsunners8b@java.com,21 Forest Alley,201464846613334,diners-club-enroute,£270.19
301,Jemie,Deeming,jdeeming8c@washingtonpost.com,28 Packers Pass,5602243270082933,bankcard,£219.95
302,Christabella,Lingwood,clingwood8d@google.com.au,7643 Cordelia Way,3574951385196823,jcb,£173.76
303,Tommi,Crichton,tcrichton8e@gizmodo.com,6174 Ridgeway Park,5002355168821663,mastercard,£208.23
304,Forrester,Fick,ffick8f@imageshack.us,7 Redwing Lane,5602238494167197,bankcard,£177.44
305,Kleon,Deignan,kdeignan8g@google.es,28854 Sachtjen Pass,5602237240901677257,china-unionpay,£327.15
306,Jamaal,Uzelli,juzelli8h@princeton.edu,161 Oak Valley Parkway,3562094875884816,jcb,£446.42
307,Row,Delyth,rdelyth8i@bigcartel.com,80632 Weeping Birch Road,3560783427590507,jcb,£345.56
308,Arel,Sturge,asturge8j@pbs.org,25 Colorado Point,4041379556115773,visa,£494.34
309,Normy,Noods,nnoods8k@fastcompany.com,717 Eagan Plaza,3556689687893885,jcb,£381.24
310,Florentia,Foale,ffoale8l@github.com,4 Crescent Oaks Street,372301793300833,americanexpress,£288.64
311,Alasteir,Apark,aapark8m@independent.co.uk,66741 Onsgard Center,374283564047165,americanexpress,£37.87
312,Margeaux,Stonnell,mstonnell8n@nbcnews.com,2651 Hoffman Court,676703461497851304,solo,£490.48
313,Gray,Thorby,gthorby8o@ycombinator.com,299 Dorton Junction,5602259033975494,bankcard,£323.50
314,Meta,Gladeche,mgladeche8p@indiegogo.com,99 5th Trail,3529491375680110,jcb,£450.58
315,Ansley,Midlar,amidlar8q@springer.com,89548 Mifflin Junction,3562559565003356,jcb,£367.07
316,Karen,De Moreno,kdemoreno8r@wp.com,71 Debra Plaza,3538103986795992,jcb,£375.18
317,Cora,Goodrich,cgoodrich8s@archive.org,27 Moose Trail,3583448468886304,jcb,£36.91
318,Gretel,MacSwayde,gmacswayde8t@oaic.gov.au,4 Bartelt Junction,3547008362583368,jcb,£219.82
319,Corrie,Taggart,ctaggart8u@imgur.com,0220 Kim Park,30377244881120,diners-club-carte-blanche,£299.09
320,Pieter,Adnet,padnet8v@w3.org,830 Killdeer Street,5438184453745617,mastercard,£14.65
321,Lisetta,Debrett,ldebrett8w@i2i.jp,43030 Carey Junction,3559068883122232,jcb,£96.69
322,Towney,Kilgour,tkilgour8x@google.es,759 Katie Drive,3575004847380343,jcb,£459.99
323,Tyne,Caulliere,tcaulliere8y@google.com,546 Declaration Parkway,3578173376851342,jcb,£192.74
324,Fons,Dopson,fdopson8z@typepad.com,76262 Sunnyside Center,374288437383747,americanexpress,£269.91
325,Jackie,Cunnell,jcunnell90@digg.com,99 Prairie Rose Way,374622379349581,americanexpress,£99.62
326,Jethro,Gawen,jgawen91@acquirethisname.com,768 Paget Place,5580631848015169,mastercard,£198.30
327,Pernell,Learmouth,plearmouth92@senate.gov,3987 Mitchell Lane,201456598986801,diners-club-enroute,£422.40
328,Regen,Volk,rvolk93@cdc.gov,5 Eggendart Trail,3561282080883837,jcb,£328.61
329,Priscella,Huffer,phuffer94@yale.edu,60 Stoughton Lane,3563535419930449,jcb,£361.66
330,Kahaleel,Armitt,karmitt95@sina.com.cn,7 Armistice Plaza,6761936268149078,maestro,£47.77
331,Genvieve,Petrik,gpetrik96@is.gd,8693 Fallview Street,370789958662439,americanexpress,£37.21
332,Nicolai,Ayers,nayers97@php.net,886 Mosinee Park,5549043549570577,diners-club-us-ca,£117.91
333,Goddard,Buesnel,gbuesnel98@hibu.com,53391 Del Mar Place,4041598119757033,visa,£149.87
334,Berkley,Renault,brenault99@wired.com,41166 Columbus Alley,4175009343357176,visa-electron,£204.05
335,Tito,Laydon,tlaydon9a@mlb.com,868 Northland Parkway,3528785451719317,jcb,£312.32
336,Jessee,Burrass,jburrass9b@canalblog.com,206 Macpherson Hill,5100138624954414,mastercard,£337.07
337,Alleen,Freyne,afreyne9c@sakura.ne.jp,9812 Delaware Circle,3531658825346361,jcb,£499.78
338,Ambros,Bachman,abachman9d@nbcnews.com,2414 Logan Road,5592284464636508,mastercard,£160.11
339,Carlin,Spruce,cspruce9e@mail.ru,54 Tennyson Drive,30337732056478,diners-club-carte-blanche,£313.88
340,Rossy,Batt,rbatt9f@typepad.com,171 Dryden Street,3546266498114901,jcb,£305.56
341,Alphard,McOrkill,amcorkill9g@wikipedia.org,13 Waxwing Park,374622114725913,americanexpress,£202.60
342,Sylvia,Trim,strim9h@washington.edu,15228 Lotheville Terrace,3569915968703492,jcb,£13.38
343,Joline,Embleton,jembleton9i@twitpic.com,42 Esker Court,67636659543521615,maestro,£263.81
344,Paolina,Alcott,palcott9j@gmpg.org,8 Warrior Street,5100145799992954,mastercard,£360.04
345,Lilah,Handslip,lhandslip9k@furl.net,68754 Pond Center,4175009473422543,visa-electron,£231.75
346,Courtney,Pepper,cpepper9l@independent.co.uk,7960 Maywood Street,67596226138614698,maestro,£276.44
347,Murielle,Woolstenholmes,mwoolstenholmes9m@abc.net.au,2456 Florence Alley,5542359748125428,mastercard,£30.65
348,Lonee,Nannoni,lnannoni9n@usda.gov,41 Burrows Way,3530610950561919,jcb,£110.69
349,Ricky,Woolway,rwoolway9o@java.com,25541 Jenna Drive,3564205088143265,jcb,£408.02
350,Marilyn,Davidavidovics,mdavidavidovics9p@google.de,58035 Claremont Street,3571676597389220,jcb,£265.41
351,Konrad,Garralts,kgarralts9q@technorati.com,1 Badeau Terrace,3530236451489416,jcb,£41.22
352,Zak,Stallon,zstallon9r@latimes.com,8 Manley Pass,5602225099117974,bankcard,£267.26
353,Jaquelin,Mytton,jmytton9s@blinklist.com,70 Hallows Junction,5002357258858449,mastercard,£100.50
354,Karlie,Rowswell,krowswell9t@virginia.edu,11 Esker Road,6759009651351620,maestro,£317.54
355,Margarete,Ogan,mogan9u@1und1.de,8 Bluejay Lane,3567623300442702,jcb,£114.07
356,Shandie,Purvess,spurvess9v@kickstarter.com,04761 Anderson Crossing,6304187396263035,laser,£362.97
357,Eilis,Hollyman,ehollyman9w@jiathis.com,04015 Rusk Street,5007664620792536,mastercard,£132.16
358,Cody,Kowalik,ckowalik9x@huffingtonpost.com,75415 Elka Avenue,36941648377714,diners-club-international,£472.15
359,Hillard,Dadd,hdadd9y@globo.com,321 Ridge Oak Terrace,5010127414003796,mastercard,£371.87
360,Hoyt,Dockreay,hdockreay9z@bbc.co.uk,48536 Scoville Pass,30340603538079,diners-club-carte-blanche,£427.93
361,Josh,Parncutt,jparncutta0@icio.us,3153 Hayes Lane,371688704972069,americanexpress,£348.25
362,Cleopatra,Dei,cdeia1@amazon.com,4479 Judy Way,342981238178352,americanexpress,£314.46
363,Jamaal,Gowers,jgowersa2@house.gov,64099 Ryan Trail,3528171284402092,jcb,£51.35
364,Mommy,Scrowson,mscrowsona3@comcast.net,87721 Boyd Lane,3587125703635094,jcb,£45.59
365,Bonnee,Faiers,bfaiersa4@desdev.cn,76 Milwaukee Park,201936166468761,diners-club-enroute,£430.68
366,Pincus,Shilton,pshiltona5@hhs.gov,336 Crowley Center,6771618429059356159,laser,£373.56
367,Valenka,Georgievski,vgeorgievskia6@squarespace.com,24 Ridgeview Drive,5010127166474740,mastercard,£451.59
368,Arvin,Braithwaite,abraithwaitea7@msn.com,26 Troy Junction,3540420813859551,jcb,£442.29
369,Wallas,Legerton,wlegertona8@creativecommons.org,55872 Donald Point,3530470897476832,jcb,£396.88
370,Deina,Chaikovski,dchaikovskia9@narod.ru,089 Doe Crossing Drive,493626530579156776,switch,£101.95
371,Caddric,Illesley,cillesleyaa@friendfeed.com,32760 Surrey Place,3535060633811734,jcb,£180.14
372,Say,Gillon,sgillonab@bizjournals.com,31 Fulton Plaza,5602252073750398,bankcard,£64.34
373,Hildegaard,Pellatt,hpellattac@creativecommons.org,0 5th Road,6709685092726962797,laser,£26.00
374,Spense,Harnott,sharnottad@list-manage.com,2990 Pleasure Court,3545961395328734,jcb,£52.41
375,Odella,Linneman,olinnemanae@dot.gov,44 Truax Junction,3586725435640105,jcb,£322.52
376,Sheppard,Haysom,shaysomaf@utexas.edu,836 Jenifer Plaza,5610445402168402008,china-unionpay,£273.78
377,Judith,Dilke,jdilkeag@yelp.com,21 Roth Circle,5038303122759579197,maestro,£149.96
378,Clarey,Pawlyn,cpawlynah@so-net.ne.jp,66826 Graedel Hill,63044631010095352,maestro,£326.71
379,Tori,Veldman,tveldmanai@telegraph.co.uk,503 Fair Oaks Point,3558185230829490,jcb,£397.73
380,Ruthann,Richemond,rrichemondaj@hibu.com,4 Dexter Plaza,3547640859064609,jcb,£411.39
381,Byram,Frazer,bfrazerak@e-recht24.de,9 Union Avenue,5449403993862204,mastercard,£222.32
382,Sibylle,Baglan,sbaglanal@fotki.com,8077 Schlimgen Trail,3550660967575233,jcb,£122.24
383,Ginelle,Attwoul,gattwoulam@cocolog-nifty.com,306 Becker Point,4041374073906,visa,£373.36
384,Steffen,Carwardine,scarwardinean@springer.com,3216 Old Shore Crossing,3583263600984499,jcb,£216.92
385,Maddy,Thurling,mthurlingao@cnbc.com,7974 Bobwhite Junction,201888243079022,diners-club-enroute,£312.69
386,Pia,Tillyer,ptillyerap@multiply.com,940 Steensland Crossing,201759215868124,diners-club-enroute,£11.01
387,Germana,Chesley,gchesleyaq@samsung.com,428 Rigney Crossing,5602221241185657393,china-unionpay,£185.49
388,Lou,Hamerton,lhamertonar@goodreads.com,8 Little Fleur Park,3535997222743630,jcb,£142.56
389,Blaire,Jouhning,bjouhningas@bloomberg.com,3 Vera Circle,3547014562805163,jcb,£116.53
390,Arly,Farbrace,afarbraceat@1688.com,01 Rockefeller Plaza,4017958589726191,visa,£263.10
391,Ebonee,Khrishtafovich,ekhrishtafovichau@cam.ac.uk,68 Clarendon Junction,0604814059240569492,maestro,£317.18
392,Faber,Schimaschke,fschimaschkeav@google.nl,3 Longview Place,3553423331234814,jcb,£381.49
393,Emlen,Stallard,estallardaw@cnbc.com,34 Montana Parkway,3579619304616800,jcb,£233.61
394,Colet,Gault,cgaultax@mozilla.com,2045 Dapin Court,6304682104384369505,maestro,£94.40
395,Darcie,Jedrysik,djedrysikay@cnbc.com,6 Mariners Cove Street,4905127577826359342,switch,£272.63
396,Clarissa,Ferraron,cferraronaz@diigo.com,6670 Lakewood Gardens Road,5585521229311102,mastercard,£10.12
397,Burnaby,Vanderplas,bvanderplasb0@symantec.com,204 Mayer Center,30058808888434,diners-club-carte-blanche,£324.64
398,Arty,Gwinnel,agwinnelb1@domainmarket.com,2 Boyd Drive,3585202295214018,jcb,£111.33
399,Merrick,Pashan,mpashanb2@vkontakte.ru,3 2nd Street,6387189670506592,instapayment,£65.65
400,Bryan,Barkshire,bbarkshireb3@ocn.ne.jp,84465 Cordelia Point,3572608519171856,jcb,£293.24
401,Dun,Arnli,darnlib4@4shared.com,33736 Gateway Crossing,3545069576497250,jcb,£315.33
402,Fianna,Rameau,frameaub5@google.de,44 Northfield Crossing,30265756941129,diners-club-carte-blanche,£9.13
403,Ode,Suttill,osuttillb6@go.com,6 Manufacturers Alley,3563429354047866,jcb,£175.08
404,Dallis,Connick,dconnickb7@weather.com,66033 Coleman Road,3566394482438238,jcb,£385.86
405,Roxie,Felmingham,rfelminghamb8@delicious.com,8 Arrowood Pass,30192370315177,diners-club-carte-blanche,£175.59
406,Garald,Lowen,glowenb9@yandex.ru,5822 Portage Junction,342828451480256,americanexpress,£396.74
407,Ardeen,Cottrill,acottrillba@shutterfly.com,3 Buell Point,3585398981601292,jcb,£497.55
408,Austen,Rodgers,arodgersbb@loc.gov,726 Sunfield Crossing,3551322077308612,jcb,£402.19
409,Valerie,McMylor,vmcmylorbc@soundcloud.com,5 Heath Terrace,3539280362851414,jcb,£441.03
410,Ingelbert,Juste,ijustebd@studiopress.com,9294 Marquette Road,201418022237169,diners-club-enroute,£454.48
411,Lucky,Gowland,lgowlandbe@quantcast.com,812 American Plaza,4405483976660549,visa-electron,£281.87
412,Gianna,Robertelli,grobertellibf@wikia.com,7167 Kingsford Pass,3529187880315321,jcb,£325.18
413,Tiff,Buxcy,tbuxcybg@alexa.com,73711 Straubel Way,3552689680390214,jcb,£55.12
414,Freddy,Elves,felvesbh@google.fr,628 Service Terrace,3540380344605826,jcb,£204.99
415,Lucho,Stainer,lstainerbi@biglobe.ne.jp,52359 Utah Place,30146103914672,diners-club-carte-blanche,£90.16
416,Myca,Kubista,mkubistabj@howstuffworks.com,2 Green Trail,5602252419685894,bankcard,£87.46
417,Cindee,Prugel,cprugelbk@tmall.com,0968 Morning Terrace,3554160951785522,jcb,£231.85
418,Hakeem,Willmer,hwillmerbl@macromedia.com,29211 Kenwood Circle,30580360103738,diners-club-carte-blanche,£256.41
419,Janine,Kelberman,jkelbermanbm@1688.com,950 Lerdahl Park,371200603865863,americanexpress,£449.24
420,Gwen,Pennetta,gpennettabn@deviantart.com,7 Westport Way,3574754314120744,jcb,£92.12
421,Nicolette,Zapata,nzapatabo@mozilla.org,5 Brickson Park Park,5100136130440092,mastercard,£19.69
422,Magdalene,Janssens,mjanssensbp@netvibes.com,45 Brown Terrace,3552989067518944,jcb,£1.28
423,Sher,Woolrich,swoolrichbq@huffingtonpost.com,56770 Morrow Street,5602218669618620,china-unionpay,£390.05
424,Werner,Langer,wlangerbr@free.fr,05 Sage Parkway,5602233661294130,bankcard,£457.57
425,Bill,Stoate,bstoatebs@cbslocal.com,63 American Ash Junction,67714945627869086,laser,£267.01
426,Anya,Daymont,adaymontbt@e-recht24.de,487 Armistice Alley,4017954985131615,visa,£142.59
427,Kathie,Sommerton,ksommertonbu@blogspot.com,3 Morningstar Place,3586400536839069,jcb,£134.49
428,Abbe,Keetch,akeetchbv@wikia.com,35 Pearson Parkway,4936821368842834763,switch,£302.06
429,Ivan,Ruffey,iruffeybw@ameblo.jp,1 Thierer Lane,63040519696266690,laser,£157.30
430,Bettina,McWilliam,bmcwilliambx@goo.gl,2844 Derek Alley,6706370323397638846,laser,£416.31
431,Caryl,Tickle,ctickleby@elegantthemes.com,2120 Elmside Street,201596439272828,diners-club-enroute,£100.05
432,Koren,Trenouth,ktrenouthbz@xinhuanet.com,6414 Gale Drive,3551251106970177,jcb,£380.65
433,Curran,Oliver,coliverc0@redcross.org,042 Marquette Lane,3532993151932982,jcb,£210.28
434,Nicolea,Leadstone,nleadstonec1@ibm.com,8343 Meadow Valley Trail,3539004844861548,jcb,£408.26
435,Nels,Radwell,nradwellc2@ameblo.jp,47 Bobwhite Pass,4278243434592,visa,£316.10
436,Gerek,Duncklee,gdunckleec3@cornell.edu,611 Katie Drive,5018193734223967488,maestro,£407.14
437,Yoshi,Shayes,yshayesc4@google.ca,11 Village Place,3551665171559435,jcb,£492.14
438,Page,Ivakin,pivakinc5@friendfeed.com,10457 Barnett Avenue,5038003061431218,maestro,£420.82
439,Buddie,Hellin,bhellinc6@yahoo.com,7787 Ilene Circle,3551347313346522,jcb,£362.64
440,Jeffrey,Loseby,jlosebyc7@google.co.uk,1788 Goodland Park,201608355945541,diners-club-enroute,£175.24
441,Rosabel,Dracksford,rdracksfordc8@nih.gov,0186 Acker Hill,6709503861665093,laser,£354.18
442,Lindie,Culshaw,lculshawc9@istockphoto.com,968 Memorial Point,6378546620093347,instapayment,£477.77
443,Chick,Buncher,cbuncherca@cloudflare.com,8 Dottie Lane,337941652582593,americanexpress,£414.48
444,Mikaela,Sparrow,msparrowcb@mozilla.org,9 Upham Avenue,3579264860212098,jcb,£430.13
445,Flossi,Sebire,fsebirecc@usgs.gov,7 Prentice Plaza,3575526927065808,jcb,£48.73
446,Odele,Powder,opowdercd@msn.com,03 Graedel Terrace,5048378654052714,mastercard,£404.03
447,Francesca,Janicki,fjanickice@umich.edu,70 Morningstar Circle,3575757051445082,jcb,£366.06
448,Remus,Torrie,rtorriecf@wix.com,1231 Lien Park,3552100877217566,jcb,£311.52
449,Wyn,Hadley,whadleycg@seesaa.net,550 Graedel Court,3564607306688676,jcb,£386.46
450,Marcelo,Phil,mphilch@slate.com,974 Butternut Street,3562570132017597,jcb,£228.84
451,Camella,Hugo,chugoci@mozilla.com,44235 School Point,5002356502309126,mastercard,£166.52
452,Liam,Pendleberry,lpendleberrycj@linkedin.com,1 Duke Parkway,6304281537045067262,laser,£188.63
453,Archer,French,afrenchck@wufoo.com,59 Hansons Way,3588795813770020,jcb,£447.12
454,Lewes,Knevit,lknevitcl@senate.gov,8 Swallow Junction,3557268139186310,jcb,£115.67
455,Moina,Stiffkins,mstiffkinscm@microsoft.com,8 8th Way,4152780152323,visa,£206.85
456,Guendolen,Plewright,gplewrightcn@google.com,0207 Texas Way,3551273854302940,jcb,£12.53
457,Alano,Telezhkin,atelezhkinco@godaddy.com,681 Toban Circle,5456625219566843,mastercard,£130.58
458,Nick,Tomankowski,ntomankowskicp@elpais.com,90195 Commercial Pass,3538381486367633,jcb,£23.50
459,Michaela,Cosans,mcosanscq@woothemes.com,05 Banding Road,3539735361444602,jcb,£68.22
460,Douglass,Bernardt,dbernardtcr@homestead.com,149 Loftsgordon Court,372301389771736,americanexpress,£356.52
461,Dalila,Borgars,dborgarscs@netvibes.com,988 Annamark Hill,3585354671105243,jcb,£355.31
462,Vivianna,Morican,vmoricanct@mozilla.org,94 Union Trail,3550306525221858,jcb,£24.06
463,Susy,Predohl,spredohlcu@nymag.com,73146 Loftsgordon Park,3548468393648839,jcb,£326.09
464,Steffane,Castiglio,scastigliocv@blog.com,4772 Pleasure Lane,633329258041648334,switch,£48.01
465,Ulrich,Lazar,ulazarcw@columbia.edu,8 Sachs Point,4917716197122190,visa-electron,£329.74
466,Mindy,Aspinell,maspinellcx@xinhuanet.com,71 Alpine Road,5048371423280294,mastercard,£402.63
467,Aksel,Jaskowicz,ajaskowiczcy@exblog.jp,5445 Gateway Avenue,6767127679267784988,solo,£165.66
468,Shirl,Mullins,smullinscz@homestead.com,9 Dakota Court,3530835219025956,jcb,£354.45
469,Sal,Pratley,spratleyd0@domainmarket.com,831 Dixon Circle,3531604399638247,jcb,£1.17
470,Carlene,Lambeth,clambethd1@cnbc.com,30168 Meadow Vale Crossing,4017952196038,visa,£493.92
471,Ennis,Rimmington,erimmingtond2@epa.gov,458 Aberg Alley,0604102014850741,maestro,£46.00
472,Danila,Pepye,dpepyed3@nsw.gov.au,2 Gale Avenue,3540555171186517,jcb,£15.53
473,Georgeanne,Rockall,grockalld4@altervista.org,3 Lawn Crossing,3567872048089438,jcb,£87.97
474,Dori,Elton,deltond5@jigsy.com,4423 Badeau Park,3568927955356300,jcb,£219.87
475,Cathe,Goodredge,cgoodredged6@vk.com,3137 Waubesa Junction,3581754247009221,jcb,£290.89
476,Pascale,Cluelow,pcluelowd7@who.int,1 Knutson Road,3588983074069981,jcb,£191.50
477,Sophey,Schoolfield,sschoolfieldd8@histats.com,254 Pawling Point,5307578425523119,mastercard,£84.46
478,Willem,Jepperson,wjeppersond9@dagondesign.com,1 Florence Court,3583431836276960,jcb,£411.77
479,Niles,Wadesworth,nwadesworthda@mlb.com,428 Bonner Point,5602238654218996,bankcard,£128.22
480,Cairistiona,Koppel,ckoppeldb@fda.gov,7105 Southridge Hill,3576437434071330,jcb,£237.41
481,Flem,Birdwistle,fbirdwistledc@bloglines.com,1 Vidon Avenue,201961853289130,diners-club-enroute,£196.17
482,Sherill,Fery,sferydd@rakuten.co.jp,4 Dawn Way,3538621029361605,jcb,£421.14
483,Chrissy,Aisman,caismande@live.com,763 Monica Crossing,3573539841185927,jcb,£305.67
484,Benoit,Colafate,bcolafatedf@nhs.uk,2 Farragut Trail,3557973265623941,jcb,£124.01
485,Nigel,Hathwood,nhathwooddg@meetup.com,69 Forster Court,4508209079225120,visa-electron,£138.37
486,Marika,McParlin,mmcparlindh@theatlantic.com,956 Schiller Center,5038119152769256,maestro,£32.69
487,Dal,Tesseyman,dtesseymandi@cyberchimps.com,60 Transport Alley,50202744761237894,maestro,£300.96
488,Ninnette,Lorroway,nlorrowaydj@flavors.me,681 Rigney Avenue,6759445713020525826,switch,£306.57
489,Lief,Joddens,ljoddensdk@zdnet.com,38 Northview Junction,201802845033808,diners-club-enroute,£44.34
490,Estel,Di Angelo,ediangelodl@scribd.com,748 Fairview Road,6331109805899552,switch,£474.76
491,Clevey,Garey,cgareydm@delicious.com,128 Loomis Avenue,337941463701887,americanexpress,£194.02
492,Edgar,Mosby,emosbydn@so-net.ne.jp,8789 Corscot Way,3571645817269348,jcb,£377.76
493,Carolan,Mourant,cmourantdo@toplist.cz,3663 Gerald Drive,3562234906113021,jcb,£271.41
494,Devan,Prothero,dprotherodp@comcast.net,8872 Elgar Junction,4911303697122333363,switch,£441.29
495,Loleta,Helder,lhelderdq@umich.edu,231 Helena Court,3532045730449937,jcb,£388.58
496,Merv,Dalzell,mdalzelldr@yellowpages.com,549 Waubesa Trail,3574131004849009,jcb,£456.66
497,Barbette,Lindblom,blindblomds@cdbaby.com,49 Clarendon Center,3543314951924193,jcb,£98.21
498,Kendra,MacHarg,kmachargdt@1688.com,4 Nelson Parkway,50184935813111390,maestro,£299.57
499,Dot,Emblow,demblowdu@mashable.com,00795 Pond Hill,3535964677170719,jcb,£384.97
500,Forbes,Turk,fturkdv@sakura.ne.jp,741 Sundown Plaza,4017955193097050,visa,£122.03
501,Spense,Fulton,sfultondw@infoseek.co.jp,9 Superior Hill,3587799327515922,jcb,£59.79
502,Frannie,Growcock,fgrowcockdx@homestead.com,19 Fordem Road,3537234483922358,jcb,£271.21
503,Darbee,Bilsford,dbilsforddy@deliciousdays.com,4655 Forster Junction,5602219481663141,bankcard,£424.61
504,Vanda,Wilkinson,vwilkinsondz@ycombinator.com,51199 Chinook Plaza,30427424691342,diners-club-carte-blanche,£324.32
505,Matthaeus,Longson,mlongsone0@chicagotribune.com,88 Oak Point,5100138765085101,mastercard,£455.04
506,Linc,Banane,lbananee1@mysql.com,268 Kim Hill,3539714660563511,jcb,£323.74
507,Brigham,Kenyam,bkenyame2@bloomberg.com,22103 Melvin Crossing,3557938116008642,jcb,£254.84
508,Alan,Grieve,agrievee3@dailymotion.com,375 Birchwood Place,3543527149218869,jcb,£140.57
509,Maribelle,Ottewell,mottewelle4@amazon.co.jp,97180 Valley Edge Hill,4041590380424,visa,£232.13
510,Davidson,Totterdill,dtotterdille5@xing.com,4 Forest Dale Way,4844268601542868,visa-electron,£165.37
511,Ofilia,Griswaite,ogriswaitee6@goo.gl,94064 Grayhawk Street,5610843826604252,bankcard,£126.15
512,Jessalyn,Hearst,jhearste7@reverbnation.com,01 Superior Court,3550221120570445,jcb,£230.74
513,Janela,Deinhardt,jdeinhardte8@hatena.ne.jp,9 Bonner Way,5602225952233462,china-unionpay,£481.16
514,Inger,Southam,isouthame9@opensource.org,593 Loftsgordon Alley,5602216389731533,bankcard,£354.48
515,Anna-diana,Abramowitch,aabramowitchea@istockphoto.com,27103 Esch Road,6304851573450331,maestro,£360.77
516,Bernie,Legrice,blegriceeb@arizona.edu,27 Kingsford Park,630498480560141357,maestro,£202.31
517,Holden,Hinchcliffe,hhinchcliffeec@lycos.com,144 Anniversary Hill,3549400672119082,jcb,£321.94
518,Alyson,Dockwra,adockwraed@squarespace.com,384 Truax Alley,3587188859953703,jcb,£14.23
519,Ericka,McAnalley,emcanalleyee@nasa.gov,301 Bellgrove Park,30318946156585,diners-club-carte-blanche,£362.14
520,Persis,Akast,pakastef@dot.gov,42 Novick Lane,3567682788448284,jcb,£485.02
521,Charita,Larimer,clarimereg@topsy.com,65 Granby Circle,5602214055032207478,china-unionpay,£426.04
522,Brocky,Esherwood,besherwoodeh@networksolutions.com,9 Vidon Alley,3563275416564350,jcb,£321.57
523,Jeni,Treneer,jtreneerei@bravesites.com,17226 Merrick Lane,201586899367168,diners-club-enroute,£168.73
524,Miles,Sturgess,msturgessej@bluehost.com,8273 Oneill Junction,374288991017392,americanexpress,£296.05
525,Brent,Ashness,bashnessek@cloudflare.com,7 Clemons Street,3589167045639358,jcb,£274.76
526,Cyrill,Dalmon,cdalmonel@jimdo.com,73662 Express Junction,373080412375272,americanexpress,£229.33
527,Charlie,Gigg,cgiggem@livejournal.com,7174 5th Parkway,3559088316958622,jcb,£282.49
528,Deane,Eakly,deaklyen@earthlink.net,82464 Northfield Avenue,5602239334713307,bankcard,£197.51
529,Oneida,Scothorne,oscothorneeo@msn.com,55094 Superior Road,3529354786680071,jcb,£39.36
530,Aubert,Jerdon,ajerdonep@shutterfly.com,4 Petterle Circle,5602246662593045,china-unionpay,£126.62
531,Peter,Schulken,pschulkeneq@wp.com,8 Cordelia Way,6333628033921472,switch,£379.92
532,Livia,Alfwy,lalfwyer@dmoz.org,2 Oak Way,3580398978641850,jcb,£24.94
533,Jordana,Clawe,jclawees@altervista.org,6 Bluestem Drive,3528881549734036,jcb,£80.81
534,Sauveur,Shawcroft,sshawcroftet@examiner.com,07 Almo Way,3546140751473637,jcb,£58.14
535,Claudine,Beadell,cbeadelleu@discovery.com,9 Schmedeman Parkway,201540380877276,diners-club-enroute,£158.40
536,Alaine,Divina,adivinaev@ox.ac.uk,079 Randy Drive,6334343869256675,solo,£409.05
537,Allina,Kilgannon,akilgannonew@gov.uk,1 Fremont Alley,3548753242474408,jcb,£263.69
538,Calvin,Le Fevre,clefevreex@indiatimes.com,01 Dakota Crossing,3546466171391178,jcb,£46.63
539,Poppy,Handasyde,phandasydeey@toplist.cz,8 Homewood Road,4017954673620,visa,£59.20
540,Wynn,Stratiff,wstratiffez@jiathis.com,96 Goodland Court,3541877894724989,jcb,£227.61
541,Carlos,Mart,cmartf0@springer.com,547 Sycamore Avenue,3546834692987446,jcb,£381.34
542,Gusty,McBrier,gmcbrierf1@comsenz.com,23847 8th Parkway,6762547383465155,maestro,£67.31
543,Lauretta,Pickworth,lpickworthf2@smugmug.com,1 Farragut Place,5280503493717592,mastercard,£25.08
544,Tiler,McDermot,tmcdermotf3@simplemachines.org,568 Algoma Street,3538850083084577,jcb,£106.15
545,Mozelle,Doumerque,mdoumerquef4@furl.net,617 Kensington Point,5404069326615966,mastercard,£250.16
546,Ermanno,Atty,eattyf5@php.net,64739 Eliot Hill,3569492265651451,jcb,£405.36
547,Kalina,Battin,kbattinf6@wikia.com,1773 Service Place,3547041024441535,jcb,£115.77
548,Westbrooke,Sailer,wsailerf7@hugedomains.com,62928 Golf Course Crossing,3586914311212292,jcb,£89.38
549,Brooks,Lafee,blafeef8@stumbleupon.com,3 Novick Parkway,30243330498510,diners-club-carte-blanche,£237.09
550,Kendall,Northgraves,knorthgravesf9@home.pl,9506 Stang Street,3562363376254310,jcb,£120.06
551,Andee,Tasseler,atasselerfa@mlb.com,61827 Ruskin Park,4026675026665688,visa-electron,£113.51
552,Loren,Kleinber,lkleinberfb@dagondesign.com,2 Luster Park,3573076174629031,jcb,£441.53
553,Roldan,Leitche,rleitchefc@4shared.com,179 Lukken Park,201999271999682,diners-club-enroute,£121.72
554,Gertrudis,Braikenridge,gbraikenridgefd@whitehouse.gov,75127 Express Parkway,3534598010440289,jcb,£397.99
555,Melina,Lydden,mlyddenfe@acquirethisname.com,20446 Valley Edge Alley,676218944660458088,maestro,£317.89
556,Salaidh,Deetlof,sdeetlofff@walmart.com,204 Forest Run Center,3587643558246114,jcb,£125.87
557,Salomon,Latter,slatterfg@g.co,61921 Mayer Plaza,374283326698149,americanexpress,£14.79
558,Ira,Gabbidon,igabbidonfh@tiny.cc,49217 Columbus Center,3556503670518583,jcb,£260.13
559,Linoel,Shilladay,lshilladayfi@irs.gov,68973 Hauk Hill,3568369593520973,jcb,£281.36
560,Wenonah,Premble,wpremblefj@wikimedia.org,58 Knutson Place,5602218084793065129,china-unionpay,£434.40
561,Perkin,Steel,psteelfk@bloomberg.com,9958 Union Point,3553806753730642,jcb,£103.28
562,Chrissy,Issitt,cissittfl@a8.net,51875 Spohn Parkway,6767052745297380821,solo,£11.76
563,Cherye,Nutter,cnutterfm@baidu.com,43 Cascade Alley,3584977462938884,jcb,£102.80
564,Glendon,Freeberne,gfreebernefn@histats.com,1856 Bowman Park,3569682071842464,jcb,£216.03
565,Kimberlyn,Pinsent,kpinsentfo@boston.com,350 Schmedeman Hill,3537780304828265,jcb,£355.64
566,Porty,Kubista,pkubistafp@github.com,81 Northview Lane,3569460066632061,jcb,£457.58
567,Maynord,McCarrell,mmccarrellfq@huffingtonpost.com,24686 Hudson Way,56022509440230809,china-unionpay,£246.10
568,Roxanne,Enticknap,renticknapfr@dot.gov,1 Southridge Drive,4508628598757554,visa-electron,£221.68
569,Aileen,Cattlow,acattlowfs@freewebs.com,20 Mifflin Parkway,3544955292023829,jcb,£289.73
570,Karisa,Rands,krandsft@hexun.com,39943 Hintze Lane,5602225621214265,bankcard,£115.71
571,Anallese,Durbin,adurbinfu@webnode.com,45646 Lerdahl Drive,670660009008607212,laser,£234.47
572,Dede,Callis,dcallisfv@netlog.com,1 Crownhardt Circle,6374635098021239,instapayment,£432.25
573,Charin,Rainey,craineyfw@addthis.com,31 Onsgard Way,6304857893107642,laser,£391.30
574,Clementius,Dowry,cdowryfx@baidu.com,2 Meadow Ridge Center,3565350384877718,jcb,£67.07
575,Madalena,Bruckent,mbruckentfy@shareasale.com,5224 Mcguire Pass,3549516169006423,jcb,£317.33
576,Solomon,Satford,ssatfordfz@cornell.edu,5 Birchwood Park,3545044562508634,jcb,£332.64
577,Madelaine,McGeraghty,mmcgeraghtyg0@ning.com,6 Columbus Way,3538759330423142,jcb,£243.87
578,Georgianne,Oldaker,goldakerg1@sitemeter.com,6182 Pennsylvania Center,560221277028013407,china-unionpay,£96.47
579,Ced,Alston,calstong2@exblog.jp,58 Farwell Lane,4017951977503,visa,£376.94
580,Gerardo,Whatsize,gwhatsizeg3@chronoengine.com,48355 Ridgeway Hill,5602230035189517,bankcard,£149.09
581,Torin,Bulleyn,tbulleyng4@shutterfly.com,16778 Kim Trail,493610634369116079,switch,£221.00
582,Kahaleel,Ianne,kianneg5@cisco.com,69983 Erie Trail,5893855118949631,maestro,£263.41
583,Torrence,Dailly,tdaillyg6@cloudflare.com,6122 Glacier Hill Way,5100142824418204,mastercard,£456.14
584,Karrah,Negri,knegrig7@economist.com,3494 Graedel Crossing,5002356354726195,mastercard,£432.70
585,Adina,Gillatt,agillattg8@sun.com,57 Esker Avenue,5602241777068090,china-unionpay,£0.99
586,Cecil,Gillbard,cgillbardg9@infoseek.co.jp,45053 Oriole Place,3559705107416466,jcb,£87.77
587,Bertie,Pleace,bpleacega@samsung.com,89212 Elgar Court,50189918238838974,maestro,£259.53
588,Gayla,Parkins,gparkinsgb@dell.com,99585 Pepper Wood Center,337941393052872,americanexpress,£482.68
589,Brandon,Tiller,btillergc@instagram.com,9 Luster Drive,3571991170517174,jcb,£395.96
590,Phil,Wasmer,pwasmergd@archive.org,18 Elka Way,3574724439204574,jcb,£401.99
591,Megan,Kemmer,mkemmerge@cornell.edu,7535 Coleman Parkway,4041379413214,visa,£396.45
592,Binnie,Reicherz,breicherzgf@irs.gov,90506 Debs Plaza,5417393010322688,mastercard,£195.01
593,Justino,Tremethack,jtremethackgg@ca.gov,865 Maywood Point,3528502534747524,jcb,£399.92
594,Loise,Filliskirk,lfilliskirkgh@w3.org,598 Kim Circle,6762222935583595747,maestro,£442.35
595,Garv,Daniellot,gdaniellotgi@tinypic.com,09 Oak Pass,5010122746840338,mastercard,£218.16
596,Maryrose,De Bernardi,mdebernardigj@is.gd,9 4th Circle,3562726978799678,jcb,£406.05
597,Christophe,Crielly,ccriellygk@ebay.co.uk,67402 Iowa Place,375078383583344,americanexpress,£51.62
598,Blake,Januszewicz,bjanuszewiczgl@t.co,19891 Mayfield Crossing,5555330995214664,mastercard,£419.56
599,Ashlin,Paffley,apaffleygm@xrea.com,7695 Continental Hill,5602227723025599,bankcard,£101.44
600,Marne,Cornelleau,mcornelleaugn@blinklist.com,90405 Anniversary Lane,3542604915581704,jcb,£250.23
601,Rutger,Moth,rmothgo@prlog.org,808 Delaware Road,5602239929370844,china-unionpay,£74.29
602,Tobi,Fenny,tfennygp@drupal.org,94037 Randy Center,3530088550579195,jcb,£253.03
603,Erinna,Palmar,epalmargq@jigsy.com,61 Shopko Crossing,5602211732987805786,china-unionpay,£212.09
604,Krista,Balden,kbaldengr@guardian.co.uk,3615 Oneill Terrace,3580969754133161,jcb,£451.13
605,Nancy,Capron,ncaprongs@samsung.com,2955 Jenifer Drive,3553127874531995,jcb,£3.57
606,Vivie,Picardo,vpicardogt@fc2.com,79187 Southridge Place,3579426847926393,jcb,£388.90
607,Sallyann,Tibbs,stibbsgu@furl.net,89 Muir Terrace,3548533179007045,jcb,£440.20
608,Peirce,Lebarree,plebarreegv@creativecommons.org,21 Shelley Lane,5602214235899901,china-unionpay,£132.81
609,Marlane,Shave,mshavegw@wikia.com,70439 7th Center,3533794978543658,jcb,£219.16
610,Arline,Boothe,aboothegx@4shared.com,4385 Reinke Way,3573102342507188,jcb,£25.87
611,Sherye,Wiggington,swiggingtongy@nymag.com,96523 Loeprich Circle,3535439476391394,jcb,£21.02
612,Jillayne,Sarvar,jsarvargz@vinaora.com,5230 Garrison Center,3584135203056843,jcb,£339.11
613,Jessie,Whales,jwhalesh0@boston.com,062 Transport Trail,201971340031250,diners-club-enroute,£114.14
614,Chrystel,Dumbreck,cdumbreckh1@xing.com,249 Brickson Park Junction,6331104826064138,switch,£200.51
615,Enrica,Brissard,ebrissardh2@usa.gov,87776 Oriole Court,3575954291488358,jcb,£36.16
616,Randene,Papes,rpapesh3@sfgate.com,1 Chive Place,3586951807661384,jcb,£453.89
617,Clara,Surmeir,csurmeirh4@cafepress.com,39 Londonderry Street,5253908165693588,mastercard,£53.44
618,Robinson,Cudd,rcuddh5@unesco.org,9005 Anzinger Avenue,3537105017396923,jcb,£472.62
619,Isidro,Norcutt,inorcutth6@blog.com,32 Dwight Terrace,3588515858576532,jcb,£423.66
620,Nell,Berzon,nberzonh7@rambler.ru,45 Haas Circle,5002351941792792,mastercard,£228.90
621,Adamo,Stitfall,astitfallh8@harvard.edu,23355 Toban Pass,4017958657348,visa,£256.37
622,Nance,Czapla,nczaplah9@digg.com,75314 Debra Center,6759414800776380,switch,£77.01
623,Evonne,Dogerty,edogertyha@time.com,39229 Sugar Parkway,3533360378147506,jcb,£3.90
624,Glad,Sheeran,gsheeranhb@creativecommons.org,934 Browning Crossing,3559684276979739,jcb,£222.48
625,Amitie,Kember,akemberhc@sciencedaily.com,3436 Morningstar Court,3575679193951183,jcb,£259.21
626,Sven,Bloxsom,sbloxsomhd@pen.io,48177 North Point,4175008574190173,visa-electron,£495.89
627,Vincent,Neilus,vneilushe@devhub.com,3462 Hayes Way,4913973597778295,visa-electron,£462.44
628,Morey,Toop,mtoophf@php.net,673 Superior Hill,6762911053499425,maestro,£50.64
629,Dareen,Mosedale,dmosedalehg@ihg.com,0 Raven Park,374283638529941,americanexpress,£483.36
630,Garwin,McGettrick,gmcgettrickhh@tripadvisor.com,22 High Crossing Point,4729340276117159,visa,£474.59
631,Michele,Yven,myvenhi@amazon.com,034 Blaine Place,5602235288635504,bankcard,£429.47
632,Ephrem,Kulvear,ekulvearhj@apache.org,689 Eggendart Hill,3554532959006947,jcb,£84.44
633,Dre,Tomley,dtomleyhk@fotki.com,1 Colorado Pass,3564070025682290,jcb,£173.31
634,Catrina,Ellum,cellumhl@va.gov,24 Kenwood Crossing,493615333946558904,switch,£69.43
635,Flore,Klulicek,fklulicekhm@ucoz.com,31 4th Drive,30503652005429,diners-club-carte-blanche,£223.91
636,Corbet,Larcher,clarcherhn@fda.gov,8147 Petterle Crossing,3546939975782867,jcb,£498.67
637,Keene,Bilton,kbiltonho@163.com,42012 Buhler Circle,374288421119453,americanexpress,£408.79
638,Eugenio,Hessentaler,ehessentalerhp@ovh.net,92 School Circle,5020191411498696,maestro,£361.21
639,Portia,Gristwood,pgristwoodhq@webeden.co.uk,65 Caliangt Road,3566937497714199,jcb,£362.88
640,Silva,Choak,schoakhr@digg.com,64782 Pond Hill,3579616305427799,jcb,£30.81
641,Marsh,Arrington,marringtonhs@sbwire.com,35722 Bluestem Plaza,3532246441543550,jcb,£303.09
642,Cecil,Shreeves,cshreevesht@ucla.edu,36 Barnett Trail,3533938527213715,jcb,£461.82
643,Cori,Jurkiewicz,cjurkiewiczhu@illinois.edu,10 Golden Leaf Hill,3546810404400563,jcb,£410.53
644,Clair,Sammon,csammonhv@mediafire.com,148 Welch Plaza,3580968684403702,jcb,£475.54
645,Zenia,McGinnell,zmcginnellhw@dagondesign.com,17926 Mockingbird Point,6334806486775087,solo,£48.52
646,Howard,Regenhardt,hregenhardthx@tripadvisor.com,368 Merrick Alley,6763455707336533,maestro,£414.93
647,Dennie,Clashe,dclashehy@ehow.com,18627 Paget Parkway,201867453637943,diners-club-enroute,£446.44
648,Aile,Welford,awelfordhz@state.tx.us,1226 Troy Circle,3545946012964441,jcb,£430.69
649,Phineas,Kedward,pkedwardi0@google.com.au,97 Dryden Place,3584451350808161,jcb,£132.49
650,Elihu,McGeneay,emcgeneayi1@go.com,61 Saint Paul Center,676326520709139225,maestro,£459.91
651,Katheryn,Rayment,kraymenti2@hexun.com,36 Eliot Avenue,4844143406240143,visa-electron,£347.56
652,Emmey,Longthorn,elongthorni3@issuu.com,9 Carey Junction,374288388275470,americanexpress,£389.72
653,Brocky,Meynell,bmeynelli4@t.co,83814 East Way,676725011042286219,solo,£12.11
654,Gaby,Robker,grobkeri5@shinystat.com,02 Talisman Street,67616591781427458,maestro,£480.49
655,Rudiger,Hanwright,rhanwrighti6@fema.gov,31387 Charing Cross Drive,5331592378476696,mastercard,£328.71
656,Leigh,Wheatman,lwheatmani7@seesaa.net,83 Monument Trail,630405172809004569,laser,£347.96
657,Elka,Horrod,ehorrodi8@yellowpages.com,29 Northland Point,4026363897993840,visa-electron,£224.86
658,Helli,Bountiff,hbountiffi9@gnu.org,670 Cordelia Pass,5100138901244752,mastercard,£382.25
659,Renado,Tremellier,rtremellieria@sciencedirect.com,3100 Linden Trail,5610483220067705,bankcard,£297.40
660,Brant,Hamblett,bhamblettib@gizmodo.com,2 Dakota Trail,63040702556917608,maestro,£229.51
661,Goddard,Goodbarr,ggoodbarric@paginegialle.it,45315 Portage Pass,63040479305720811,maestro,£299.08
662,Inglebert,Danielou,idanielouid@scribd.com,71299 Waxwing Trail,36228984238704,diners-club-international,£69.55
663,Michal,Lipman,mlipmanie@delicious.com,0 Kinsman Park,5100139647085855,mastercard,£458.93
664,Carlo,Moohan,cmoohanif@cmu.edu,0 Oneill Pass,378751142960220,americanexpress,£226.73
665,Filberte,Cudby,fcudbyig@java.com,12 Sommers Terrace,30133043611576,diners-club-carte-blanche,£250.76
666,Amberly,Winchcombe,awinchcombeih@bloomberg.com,01862 Crownhardt Pass,3574999270581203,jcb,£315.40
667,Tybalt,Raiment,traimentii@topsy.com,047 Everett Hill,3581418682718403,jcb,£443.85
668,Andriette,Powland,apowlandij@aboutads.info,5903 Mayer Place,3533294727922170,jcb,£320.44
669,Bjorn,Tomasian,btomasianik@ning.com,10 Lindbergh Drive,30253829386050,diners-club-carte-blanche,£5.69
670,Sula,Davys,sdavysil@wix.com,73930 School Terrace,06043613453771780,maestro,£281.03
671,Chrissie,Nast,cnastim@shinystat.com,480 Rutledge Parkway,5048379894102061,mastercard,£412.56
672,Kelila,Exrol,kexrolin@about.me,5 Helena Road,201434784114173,diners-club-enroute,£195.94
673,Hill,De La Hay,hdelahayio@comsenz.com,8857 Melvin Center,3578274748893788,jcb,£388.32
674,Karlene,Dowzell,kdowzellip@odnoklassniki.ru,93 Manufacturers Circle,630472604734504642,maestro,£91.97
675,Nathanial,Speaks,nspeaksiq@bandcamp.com,1 Dorton Crossing,4936717899760458,switch,£148.32
676,Rosa,Pickworth,rpickworthir@pinterest.com,00613 Nancy Alley,374288493960594,americanexpress,£250.04
677,Madel,Cradduck,mcradduckis@tamu.edu,717 Sloan Way,5520389687607751,diners-club-us-ca,£347.74
678,Pru,Tolland,ptollandit@reverbnation.com,9809 Hudson Pass,3588125495605148,jcb,£237.56
679,Ottilie,Huband,ohubandiu@163.com,841 Mitchell Drive,3555692644105527,jcb,£220.88
680,Ileane,Annon,iannoniv@economist.com,9 Judy Park,3553752143475144,jcb,£484.63
681,Padget,Bonafacino,pbonafacinoiw@chicagotribune.com,8 Lerdahl Circle,3574319796876658,jcb,£57.75
682,Matthieu,Kellett,mkellettix@shinystat.com,32003 Shelley Pass,5602225110632779,bankcard,£41.35
683,Ase,McVeighty,amcveightyiy@nymag.com,5 Cody Street,4017951794320,visa,£181.06
684,Port,Kleingrub,pkleingrubiz@irs.gov,9016 Maryland Pass,3543001654916614,jcb,£56.56
685,Judd,Nannini,jnanninij0@arstechnica.com,83 American Ash Place,3541885570579569,jcb,£161.96
686,Edmund,Parton,epartonj1@ning.com,1 Springview Drive,3582654246401289,jcb,£46.20
687,Binnie,Jarnell,bjarnellj2@blogtalkradio.com,5964 Shopko Terrace,06045666241444530,maestro,£461.37
688,Vittorio,Mateu,vmateuj3@stanford.edu,59363 Tennessee Crossing,3553404727903113,jcb,£165.28
689,Sterne,Vodden,svoddenj4@cbc.ca,6382 Mariners Cove Point,201538023283613,diners-club-enroute,£185.95
690,Hobard,Pepler,hpeplerj5@ihg.com,249 Vernon Drive,3564688585167228,jcb,£36.75
691,Osbert,Westrip,owestripj6@marriott.com,79 Commercial Circle,6389925561713211,instapayment,£327.94
692,Justis,Duddy,jduddyj7@netlog.com,805 Larry Place,3566249121191533,jcb,£243.31
693,Serge,Flannigan,sflanniganj8@altervista.org,74932 Myrtle Point,5018492618120412,maestro,£247.13
694,Reube,Wotherspoon,rwotherspoonj9@reuters.com,589 Manufacturers Road,3581588912695686,jcb,£173.08
695,Bibby,Andres,bandresja@tmall.com,5455 Bashford Way,30346542434056,diners-club-carte-blanche,£104.32
696,Edith,Redish,eredishjb@clickbank.net,15 Manley Alley,3547427525683180,jcb,£432.80
697,Gates,Keslake,gkeslakejc@globo.com,82 Doe Crossing Park,5602227025807173,bankcard,£479.01
698,Sibley,Sheppey,ssheppeyjd@reuters.com,247 Lakewood Pass,3554050380353952,jcb,£266.09
699,Merle,Eagles,meaglesje@t-online.de,856 Sugar Street,491140227397389686,switch,£110.40
700,Hubert,Egle of Germany,hegleofgermanyjf@europa.eu,1 Sauthoff Crossing,3531672291151619,jcb,£260.57
701,Tyrone,Karpeev,tkarpeevjg@wiley.com,68 Butterfield Crossing,3576562832524430,jcb,£55.36
702,Kit,Ownsworth,kownsworthjh@berkeley.edu,44 Glacier Hill Plaza,374283772863122,americanexpress,£74.28
703,Marrilee,Tweddle,mtweddleji@i2i.jp,2 Merchant Junction,5565543684210706,diners-club-us-ca,£113.16
704,Jedediah,Tingley,jtingleyjj@dion.ne.jp,63 Di Loreto Hill,3540339442763523,jcb,£297.51
705,Adda,Greenstead,agreensteadjk@vkontakte.ru,55574 Crescent Oaks Way,5100145193992220,mastercard,£44.07
706,Fiorenze,Risbridger,frisbridgerjl@irs.gov,7395 Summit Alley,3560995877064433,jcb,£192.76
707,Rube,Shillaber,rshillaberjm@vk.com,8911 Moland Avenue,3556431763209995,jcb,£190.09
708,Dominga,McIlmurray,dmcilmurrayjn@stanford.edu,64532 Dahle Center,6771540512587783839,laser,£262.52
709,Emanuel,Corah,ecorahjo@usgs.gov,277 Dwight Trail,30409946268411,diners-club-carte-blanche,£244.65
710,Karie,Woolliams,kwoolliamsjp@sina.com.cn,3058 Ridgeview Hill,5422521977508716,mastercard,£341.31
711,Klemens,Szachniewicz,kszachniewiczjq@flavors.me,82 Di Loreto Crossing,5435509869324875,diners-club-us-ca,£87.00
712,Gillian,Evemy,gevemyjr@a8.net,7 Kropf Road,3586415392998932,jcb,£208.60
713,Avrit,Wherry,awherryjs@purevolume.com,208 Badeau Point,5466933294190093,diners-club-us-ca,£79.06
714,Dawna,Roseby,drosebyjt@nytimes.com,096 Maryland Hill,3548559081600056,jcb,£268.40
715,Upton,Daniel,udanielju@mapy.cz,0 Carey Trail,5100132806267885,mastercard,£162.29
716,Linnet,Wallenger,lwallengerjv@elpais.com,9 Prairie Rose Parkway,5100131603290355,mastercard,£219.77
717,Tamas,Drewet,tdrewetjw@domainmarket.com,20911 Graceland Hill,3574796818586656,jcb,£277.33
718,Nell,Schermick,nschermickjx@fastcompany.com,8756 Stang Hill,3577561225125754,jcb,£253.21
719,Sullivan,Smullin,ssmullinjy@qq.com,6 Jenna Place,5602230677962726,bankcard,£477.23
720,Benedicto,Trippitt,btrippittjz@ted.com,030 Hallows Avenue,3572322217440445,jcb,£70.62
721,Cosetta,Wileman,cwilemank0@discuz.net,986 Trailsway Court,5610279741191184,bankcard,£257.68
722,Casi,Linsley,clinsleyk1@nasa.gov,8 New Castle Drive,3555325841383809,jcb,£230.34
723,Whitby,Orteaux,worteauxk2@howstuffworks.com,979 Barby Way,633110933266490520,switch,£438.71
724,Carolee,Dudenie,cdudeniek3@cafepress.com,2848 Sunnyside Avenue,3556078378184152,jcb,£180.51
725,Barbey,Huckerby,bhuckerbyk4@hugedomains.com,2 Esch Park,30006753450130,diners-club-carte-blanche,£169.89
726,Kerri,Bradder,kbradderk5@sourceforge.net,37193 Waubesa Court,3569059736827356,jcb,£184.89
727,Emmerich,Patterson,epattersonk6@technorati.com,11920 Eliot Way,3553733672363547,jcb,£414.32
728,Dirk,Ethridge,dethridgek7@squarespace.com,59968 Brown Point,3565296244404526,jcb,£435.95
729,Rafaellle,Branford,rbranfordk8@howstuffworks.com,26 Hoffman Avenue,3582917622374010,jcb,£101.15
730,Edy,Adamczewski,eadamczewskik9@freewebs.com,1420 Emmet Street,3531811835943053,jcb,£239.25
731,Jacquenette,Warin,jwarinka@symantec.com,3874 Darwin Park,6374883867571352,instapayment,£231.83
732,Yetty,Klima,yklimakb@dagondesign.com,656 Onsgard Trail,3588175342696261,jcb,£101.51
733,Chrissie,Kunze,ckunzekc@icio.us,45188 Summer Ridge Junction,374622863176946,americanexpress,£498.18
734,Austin,Yewdall,ayewdallkd@aol.com,39 Forster Alley,30295828136887,diners-club-carte-blanche,£184.26
735,Tomas,McGraith,tmcgraithke@google.com.br,68217 Daystar Court,560223659248847615,china-unionpay,£204.27
736,Nola,Harlick,nharlickkf@youtube.com,85482 Green Terrace,3537945512289572,jcb,£184.94
737,Maryellen,Willox,mwilloxkg@arizona.edu,01717 Hansons Junction,6334708803824889,solo,£140.13
738,Caitlin,Gilstoun,cgilstounkh@ted.com,54046 Hoard Circle,3576064761299191,jcb,£348.93
739,Jamison,Ridger,jridgerki@google.nl,11 Debs Road,3559214314105111,jcb,£102.18
740,Ivie,Schooling,ischoolingkj@oakley.com,51 Garrison Park,5594050869640256,diners-club-us-ca,£114.00
741,Daniel,Mozzi,dmozzikk@sitemeter.com,077 Farwell Street,6395453215349078,instapayment,£475.31
742,Janaya,Boays,jboayskl@marketwatch.com,75095 Killdeer Court,3589073383831856,jcb,£295.88
743,Katrinka,Schroeder,kschroederkm@blog.com,6271 Fuller Terrace,4679351114472,visa,£232.12
744,Ros,Folkerts,rfolkertskn@weibo.com,24946 Fairview Crossing,3534219748456857,jcb,£191.44
745,Wat,Stephens,wstephensko@1und1.de,43 Northland Crossing,3566720603884563,jcb,£374.89
746,Rubina,Batkin,rbatkinkp@globo.com,6 Armistice Street,5602252835564139121,china-unionpay,£177.40
747,Efrem,Magill,emagillkq@surveymonkey.com,92902 Armistice Lane,5553039004298996,diners-club-us-ca,£416.60
748,Frazer,Phelipeau,fphelipeaukr@amazon.co.uk,4430 7th Avenue,3544862971512454,jcb,£183.92
749,Boothe,Peddie,bpeddieks@cornell.edu,3555 Maywood Point,372301325446500,americanexpress,£159.14
750,Timothea,Billanie,tbillaniekt@woothemes.com,25 Lakeland Terrace,3534310248391742,jcb,£495.34
751,Charla,Massow,cmassowku@npr.org,27 Kingsford Plaza,30520519918859,diners-club-carte-blanche,£266.48
752,Thornie,Tasker,ttaskerkv@statcounter.com,809 Scofield Place,5100172884027470,mastercard,£85.01
753,Ramsay,Rosita,rrositakw@parallels.com,5211 Bowman Center,3576207482835773,jcb,£452.91
754,Adelind,Cellier,acellierkx@goo.ne.jp,326 Shelley Court,4844842392505308,visa-electron,£201.66
755,Nikaniki,Hogbin,nhogbinky@dmoz.org,28 Declaration Court,30281770977031,diners-club-carte-blanche,£379.09
756,Tibold,Greed,tgreedkz@japanpost.jp,70 Main Street,4041597285972,visa,£327.88
757,Dicky,Gillise,dgillisel0@webnode.com,93 Butternut Court,3576371637482459,jcb,£144.00
758,Ase,Dornin,adorninl1@mac.com,6782 Brentwood Terrace,3560011565282616,jcb,£271.06
759,Bobbie,Joust,bjoustl2@jugem.jp,1 Dakota Place,630496727928885881,laser,£405.91
760,Allyn,McClune,amcclunel3@plala.or.jp,7 Norway Maple Center,3543323123549820,jcb,£121.83
761,Wynne,Labrum,wlabruml4@tmall.com,844 Ridgeview Street,3547094254033464,jcb,£301.97
762,Doralynn,Skeen,dskeenl5@seesaa.net,51 Larry Center,30505680483312,diners-club-carte-blanche,£302.68
763,Quentin,Pidcock,qpidcockl6@a8.net,48558 Starling Parkway,201550212585286,diners-club-enroute,£208.03
764,Cathrine,Hairs,chairsl7@ucoz.com,0 Anthes Circle,6759616975324836778,switch,£217.47
765,Kathye,Martinet,kmartinetl8@posterous.com,7 Roth Parkway,3565906547359371,jcb,£66.84
766,Neville,Lippitt,nlippittl9@gnu.org,319 Melody Center,3563089035965389,jcb,£0.10
767,Mame,Strood,mstroodla@wiley.com,149 Stephen Drive,3563118247317160,jcb,£15.94
768,Nickie,Kiff,nkifflb@printfriendly.com,398 Ilene Court,6386322314257824,instapayment,£293.27
769,Pooh,Cottey,pcotteylc@mediafire.com,1915 Lunder Plaza,5610105230656629,bankcard,£488.34
770,Cal,Growden,cgrowdenld@shareasale.com,5002 Summer Ridge Alley,3574638140407955,jcb,£262.33
771,Edita,Cahalan,ecahalanle@harvard.edu,3854 Iowa Pass,3549003117233805,jcb,£152.60
772,Harry,Snaddin,hsnaddinlf@prweb.com,277 Eastwood Center,201799863453688,diners-club-enroute,£497.48
773,Klaus,Bote,kbotelg@vimeo.com,0 Magdeline Way,5038490910453528228,maestro,£44.35
774,Galen,Killingback,gkillingbacklh@dyndns.org,427 Ryan Court,3569426185843020,jcb,£216.62
775,Sigvard,Woolham,swoolhamli@usatoday.com,40 Anderson Park,561009703493907043,china-unionpay,£271.43
776,Amalie,Brea,abrealj@devhub.com,69 Caliangt Street,3558273946823559,jcb,£208.20
777,Karoline,Prangle,kpranglelk@goodreads.com,3 Hayes Plaza,3551084339411259,jcb,£140.55
778,Lelia,McGarrie,lmcgarriell@nbcnews.com,7 Sunbrook Hill,4041598660512,visa,£148.61
779,Gilemette,Debell,gdebelllm@youku.com,77006 Scoville Trail,201451864977469,diners-club-enroute,£92.96
780,Wilmer,Gensavage,wgensavageln@usnews.com,3 Golf Course Parkway,5020084289857368,maestro,£267.72
781,Simon,Kinkead,skinkeadlo@twitter.com,53957 Reinke Street,5181878104101638,mastercard,£147.75
782,Mariana,Misken,mmiskenlp@buzzfeed.com,125 Monument Place,3563699238845608,jcb,£179.94
783,Gilbert,Rigts,grigtslq@shop-pro.jp,51 Surrey Way,5100137406804342,mastercard,£370.93
784,Rafi,Coysh,rcoyshlr@telegraph.co.uk,31225 Gerald Point,3532072182002063,jcb,£26.20
785,Clark,Lempertz,clempertzls@de.vu,07 Monica Hill,3553190355019948,jcb,£287.00
786,Kylie,Endley,kendleylt@netscape.com,52575 West Street,4844476167666241,visa-electron,£422.36
787,Katerina,Laneham,klanehamlu@cnn.com,165 Oxford Way,5007664730274904,mastercard,£280.98
788,Binnie,Tortice,btorticelv@cyberchimps.com,825 Scoville Park,3548706882413813,jcb,£303.22
789,Carmelle,Blenkinsopp,cblenkinsopplw@nps.gov,1 Mendota Center,3576914224658211,jcb,£260.11
790,Jo,Braunston,jbraunstonlx@paginegialle.it,1872 Pawling Center,3582755615505186,jcb,£121.89
791,Perkin,Dungay,pdungayly@noaa.gov,092 Mayer Crossing,3579082795986473,jcb,£180.52
792,Loralyn,Luciano,llucianolz@clickbank.net,36 Ludington Circle,4041375054335,visa,£438.70
793,Gwenore,Sigars,gsigarsm0@washingtonpost.com,1 Old Shore Road,3549267712966404,jcb,£105.53
794,Dimitri,Coult,dcoultm1@bloglines.com,960 Orin Avenue,5107568185231096,mastercard,£69.47
795,Glenden,Autin,gautinm2@shareasale.com,112 Moose Park,3531553495412199,jcb,£128.43
796,Alexis,Bodicam,abodicamm3@icio.us,73 Kropf Avenue,5641829592654905,switch,£47.17
797,Hugo,Guerrieri,hguerrierim4@msu.edu,6 Drewry Trail,6762244142184780505,maestro,£151.53
798,Valma,Stailey,vstaileym5@netvibes.com,1 Maple Place,6393362951171129,instapayment,£262.18
799,Shelly,Koop,skoopm6@nature.com,9063 Daystar Trail,5566303242203688,diners-club-us-ca,£380.11
800,Chic,Landsberg,clandsbergm7@uol.com.br,9 Crest Line Crossing,5038678941192849,maestro,£202.73
801,Damara,Habert,dhabertm8@nytimes.com,06 Packers Street,3562561242821978,jcb,£107.23
802,Keri,Richardot,krichardotm9@netvibes.com,856 Chinook Way,3562192199618264,jcb,£195.54
803,Asher,Parren,aparrenma@ask.com,5864 Anniversary Hill,3588360198054951,jcb,£244.45
804,Jennica,Gynn,jgynnmb@domainmarket.com,7 Mallory Place,3560030335973288,jcb,£316.33
805,Stephana,Bartlomiejczyk,sbartlomiejczykmc@domainmarket.com,905 Arkansas Plaza,4508486048187553,visa-electron,£364.48
806,Richard,Bowlesworth,rbowlesworthmd@seesaa.net,3373 Mendota Alley,30336136033596,diners-club-carte-blanche,£117.86
807,Fedora,Martschik,fmartschikme@freewebs.com,769 Banding Junction,3567866055134822,jcb,£75.61
808,Evey,McConnachie,emcconnachiemf@yelp.com,91 Atwood Crossing,630452892746038980,maestro,£488.46
809,Boycey,Clemence,bclemencemg@tripadvisor.com,4514 Green Place,3568601926167126,jcb,£303.26
810,Willem,Daveran,wdaveranmh@apache.org,9 Jackson Place,5577180760776940,diners-club-us-ca,£391.16
811,Laurene,Hamberston,lhamberstonmi@alexa.com,9359 Independence Alley,3584297064797368,jcb,£363.13
812,Patricio,Soigoux,psoigouxmj@vkontakte.ru,77 Thierer Avenue,3588151761563225,jcb,£166.09
813,Rosaleen,Duinbleton,rduinbletonmk@ibm.com,5521 Packers Place,5416222059978335,diners-club-us-ca,£183.32
814,Alford,Schmidt,aschmidtml@wufoo.com,0 Stone Corner Park,5020389478208641813,maestro,£331.09
815,Paulina,Briddock,pbriddockmm@ameblo.jp,36681 Kingsford Court,3578539313129242,jcb,£326.24
816,Herbert,Senner,hsennermn@boston.com,2307 Roth Lane,3561754580266283,jcb,£282.23
817,Hetti,Ineson,hinesonmo@businessinsider.com,9753 Kipling Drive,3576135252991999,jcb,£185.50
818,Orelee,O'Towey,ootoweymp@miibeian.gov.cn,3 Fallview Lane,491149939030220976,switch,£272.03
819,Leanora,Greber,lgrebermq@nih.gov,650 Morningstar Crossing,6333516834196180,switch,£232.78
820,Baird,Veevers,bveeversmr@youku.com,00 Village Junction,3574703438804568,jcb,£143.39
821,Katti,Leil,kleilms@gnu.org,684 Meadow Vale Park,3556658911450028,jcb,£423.04
822,Terrijo,Scurrer,tscurrermt@deviantart.com,14963 Ronald Regan Way,67633015705437731,maestro,£359.99
823,Pia,Powelee,ppoweleemu@pen.io,04812 Arizona Circle,4936497403933028554,switch,£117.08
824,Aubrie,Dunderdale,adunderdalemv@weebly.com,5 Bluestem Terrace,3530714320560781,jcb,£306.86
825,Anne,Vicent,avicentmw@instagram.com,2561 Bunting Parkway,3530992978390566,jcb,£331.58
826,Odessa,Dahle,odahlemx@deviantart.com,30530 Maryland Drive,5893984745695339591,maestro,£26.21
827,Dore,Grimolbie,dgrimolbiemy@printfriendly.com,628 Surrey Junction,3548494060824677,jcb,£309.15
828,Kiley,Aitcheson,kaitchesonmz@seattletimes.com,21 Oak Hill,3571538254183868,jcb,£444.08
829,Eddie,Snoddin,esnoddinn0@aol.com,549 Myrtle Trail,3549931360001232,jcb,£7.23
830,Marget,Alldritt,malldrittn1@webeden.co.uk,62 Goodland Court,3572584961541963,jcb,£154.35
831,Madelena,Plenderleith,mplenderleithn2@slideshare.net,8126 Florence Lane,201988789836833,diners-club-enroute,£430.54
832,Rhianna,Bampford,rbampfordn3@people.com.cn,60 Delladonna Drive,5100143008361525,mastercard,£106.62
833,Obadias,Volante,ovolanten4@oakley.com,63 Mendota Junction,3531570331992226,jcb,£460.55
834,Yul,Hoggetts,yhoggettsn5@deviantart.com,6 Bay Center,30549957987050,diners-club-carte-blanche,£70.36
835,Kirsten,Flipek,kflipekn6@cornell.edu,594 Sullivan Crossing,3558950112384702,jcb,£54.32
836,Tobin,Burehill,tburehilln7@shinystat.com,821 Namekagon Point,201569443902375,diners-club-enroute,£16.79
837,Verina,Prosh,vproshn8@desdev.cn,1 Dapin Drive,5610530446774157,bankcard,£173.62
838,Yolanthe,Stiegar,ystiegarn9@sourceforge.net,6997 Oakridge Alley,3561562698178104,jcb,£246.13
839,Pierre,Moniker,pmonikerna@umn.edu,360 Rockefeller Alley,30572519566907,diners-club-carte-blanche,£294.71
840,Cordi,Branchflower,cbranchflowernb@vinaora.com,237 Stang Avenue,3588668702543362,jcb,£391.55
841,Cleve,Gailor,cgailornc@economist.com,58477 Hoepker Drive,56109688411544228,china-unionpay,£165.81
842,Wait,Franken,wfrankennd@google.com.au,1708 Londonderry Junction,3565899920528417,jcb,£5.19
843,Missy,McCaughren,mmccaughrenne@newsvine.com,21825 Russell Point,6333659219502038036,switch,£430.86
844,Meggie,Blind,mblindnf@hostgator.com,8 Sullivan Parkway,3573487730744661,jcb,£432.83
845,Rosana,Schirok,rschirokng@ucsd.edu,33889 Blaine Pass,5602251921025896,bankcard,£330.15
846,Mercy,Hubery,mhuberynh@live.com,1749 Farwell Road,3583229016716254,jcb,£34.38
847,Tait,Beart,tbeartni@cocolog-nifty.com,8 Hermina Plaza,3529434790119520,jcb,£71.98
848,Shelton,O'Roan,soroannj@furl.net,8 Portage Way,3550729388418495,jcb,£450.92
849,Englebert,Thynn,ethynnnk@is.gd,675 6th Alley,3530261718053888,jcb,£303.68
850,Yoshi,O' Shea,yosheanl@google.ca,36 Ohio Junction,4844113819798128,visa-electron,£291.29
851,Charmion,Kynastone,ckynastonenm@nytimes.com,1 Autumn Leaf Place,30285522377879,diners-club-carte-blanche,£378.37
852,Michal,Itzcovichch,mitzcovichchnn@admin.ch,276 Mesta Point,3575673035339509,jcb,£194.80
853,Elva,Boram,eboramno@networksolutions.com,4 Lunder Trail,502075651570490156,maestro,£43.40
854,Nessy,Swafield,nswafieldnp@reverbnation.com,4 Clove Junction,374622770885019,americanexpress,£406.69
855,Myra,Hodge,mhodgenq@clickbank.net,0 Eastwood Avenue,5100178193919695,mastercard,£17.12
856,Luke,Pablo,lpablonr@trellian.com,79 Rockefeller Lane,5602222621120212,bankcard,£217.42
857,Dorice,Scoterbosh,dscoterboshns@newyorker.com,976 Hanson Center,201772678487134,diners-club-enroute,£34.46
858,Timmie,Lars,tlarsnt@nba.com,1 Atwood Alley,4905345754908116,switch,£229.62
859,Teddy,Worcester,tworcesternu@icq.com,27550 Barby Street,3537918997961676,jcb,£490.11
860,Isidro,Rogerson,irogersonnv@fastcompany.com,336 Moulton Junction,6709674862471314482,laser,£279.54
861,Elenore,McPhilip,emcphilipnw@yandex.ru,7 Lunder Court,3570172449370460,jcb,£282.53
862,Derek,Padbury,dpadburynx@nyu.edu,834 Mcbride Junction,3543270759186809,jcb,£233.37
863,Dew,Peasee,dpeaseeny@prnewswire.com,383 Nancy Trail,30388476357929,diners-club-carte-blanche,£61.85
864,Dietrich,Toulch,dtoulchnz@yahoo.co.jp,999 Fairview Road,3560736677905650,jcb,£142.63
865,Piggy,Desseine,pdesseineo0@plala.or.jp,27711 Forest Run Trail,3583828495304332,jcb,£93.55
866,Powell,Colley,pcolleyo1@reference.com,942 Becker Trail,3565655749303709,jcb,£137.55
867,Idette,Carrick,icarricko2@tmall.com,7 Bartillon Lane,5602241188941455,bankcard,£156.82
868,Gweneth,Pering,gperingo3@noaa.gov,6095 Caliangt Drive,503861918068805237,maestro,£234.66
869,Mickey,Elliot,mellioto4@wufoo.com,37919 Sutteridge Road,5602218898966378,bankcard,£430.73
870,Matthew,Peskett,mpesketto5@cbc.ca,873 Oxford Avenue,379512927245941,americanexpress,£171.77
871,Mervin,Aymes,maymeso6@prnewswire.com,59 Old Gate Place,4017953018742299,visa,£153.46
872,Marten,Mattiuzzi,mmattiuzzio7@surveymonkey.com,3208 American Ash Terrace,5893515960176564,maestro,£8.00
873,Elfie,Medcalfe,emedcalfeo8@tripod.com,2535 Lukken Terrace,3584746087901779,jcb,£210.72
874,Karlan,Franckton,kfrancktono9@google.es,6 Luster Road,3576950023044617,jcb,£321.99
875,Lynda,Urwen,lurwenoa@about.me,377 Oak Lane,560224743997923063,china-unionpay,£421.67
876,Patrick,Arton,partonob@xing.com,846 Pond Plaza,3580991768270037,jcb,£103.74
877,Oona,Fryd,ofrydoc@discovery.com,9 Burning Wood Trail,6334375685976573,solo,£327.78
878,Crystal,Kernell,ckernellod@networkadvertising.org,2177 Clemons Way,6759831128124465468,switch,£145.68
879,Lion,Fritzer,lfritzeroe@webeden.co.uk,54424 Helena Lane,3571370751503814,jcb,£259.55
880,Conny,Matzeitis,cmatzeitisof@zimbio.com,872 Warner Circle,201926406846884,diners-club-enroute,£290.16
881,Vevay,Bines,vbinesog@free.fr,032 Ruskin Crossing,5602217675623319,china-unionpay,£301.76
882,Marsh,Boland,mbolandoh@so-net.ne.jp,5584 Myrtle Circle,4041375466562161,visa,£331.25
883,Jessica,Bruinemann,jbruinemannoi@example.com,78692 Dakota Hill,5020146218262547,maestro,£203.91
884,Sheelah,Axby,saxbyoj@rambler.ru,85 Hazelcrest Center,3563494287523094,jcb,£300.75
885,Teodorico,McCrow,tmccrowok@fotki.com,7536 Fremont Terrace,344026836439422,americanexpress,£492.70
886,Miller,Hopewell,mhopewellol@issuu.com,4663 Fairfield Hill,5496129602246545,mastercard,£80.20
887,Valentin,Skettles,vskettlesom@g.co,9 Springview Crossing,3583716095949178,jcb,£410.88
888,Aharon,Carriage,acarriageon@edublogs.org,35979 Springs Trail,4913698042857721,visa-electron,£444.86
889,Lek,Ewert,lewertoo@hexun.com,7 La Follette Alley,56022111363706665,china-unionpay,£485.16
890,Bondon,Leadston,bleadstonop@hugedomains.com,53 Westport Alley,3588264813779945,jcb,£439.41
891,Waylon,Rayment,wraymentoq@businessweek.com,14305 Westridge Park,3529898857865227,jcb,£37.42
892,Buck,Slessar,bslessaror@dot.gov,0 Victoria Terrace,30549524199759,diners-club-carte-blanche,£74.52
893,Northrup,Teasdale-Markie,nteasdalemarkieos@hc360.com,603 Cody Center,3532661270645435,jcb,£434.13
894,Shari,Readings,sreadingsot@dailymotion.com,5010 Hazelcrest Road,5311324490935076,mastercard,£474.87
895,Marv,Huckin,mhuckinou@amazon.de,3 Crowley Junction,3579962372384228,jcb,£469.58
896,Niki,Adderley,nadderleyov@ameblo.jp,86 Esker Terrace,201950207007694,diners-club-enroute,£299.26
897,Ky,Morgans,kmorgansow@goodreads.com,63 Mockingbird Terrace,5471080467755675,diners-club-us-ca,£35.98
898,Luella,Abilowitz,labilowitzox@forbes.com,162 Lunder Lane,633478909537053657,solo,£473.81
899,Merilee,Gascone,mgasconeoy@nsw.gov.au,0485 Elgar Street,3539426927104530,jcb,£393.54
900,Fred,Rowbury,frowburyoz@google.com.au,4089 Hanson Avenue,3532013991088083,jcb,£449.58
901,Thomasina,Serle,tserlep0@artisteer.com,86 Pine View Drive,30220263069104,diners-club-carte-blanche,£265.05
902,Dorie,Holleworth,dholleworthp1@list-manage.com,37658 Rowland Way,201892766763418,diners-club-enroute,£129.27
903,Algernon,Meech,ameechp2@shutterfly.com,99 Hayes Way,3555575751843933,jcb,£310.49
904,Aurelea,Wallbutton,awallbuttonp3@chicagotribune.com,1 Boyd Terrace,3587195807646412,jcb,£28.65
905,Rachel,Cantillon,rcantillonp4@infoseek.co.jp,984 Cody Alley,50200766946367660,maestro,£76.85
906,Danika,Vedyasov,dvedyasovp5@themeforest.net,8 Crescent Oaks Parkway,30189203059402,diners-club-carte-blanche,£68.31
907,Marnia,Fields,mfieldsp6@cocolog-nifty.com,8434 Ramsey Court,36390296100236,diners-club-international,£260.19
908,Rockie,Ewells,rewellsp7@google.ru,80399 Dayton Road,3532474976459691,jcb,£325.01
909,Emlynne,Cronin,ecroninp8@miitbeian.gov.cn,218 Maple Wood Alley,30210611637850,diners-club-carte-blanche,£249.30
910,Leicester,Mowles,lmowlesp9@tamu.edu,424 Shoshone Way,3543646964346447,jcb,£308.03
911,Randal,Owtram,rowtrampa@newsvine.com,6996 Ridgeview Park,5007660869925571,mastercard,£267.93
912,Demetris,MacKaig,dmackaigpb@i2i.jp,61 Scott Avenue,30522969984027,diners-club-carte-blanche,£364.30
913,Cairistiona,Mousdall,cmousdallpc@seattletimes.com,873 1st Center,3583343528899563,jcb,£397.20
914,Corri,Brixey,cbrixeypd@friendfeed.com,99217 Esch Point,375440859678547,americanexpress,£114.49
915,Melvin,Face,mfacepe@dion.ne.jp,336 Glacier Hill Pass,30557428595865,diners-club-carte-blanche,£83.65
916,Joellyn,Meneur,jmeneurpf@businessweek.com,87 Burning Wood Drive,3555736470166028,jcb,£456.60
917,Valerye,Dietz,vdietzpg@buzzfeed.com,4 Bultman Drive,3533490309179151,jcb,£153.84
918,Carmelle,Dobbins,cdobbinsph@sourceforge.net,645 Cody Point,3532688864351773,jcb,£436.54
919,Brianne,Arno,barnopi@amazon.de,37 Evergreen Lane,5602214327973390,bankcard,£64.60
920,Vanda,Stidworthy,vstidworthypj@fda.gov,1325 Bartelt Point,3528664218563351,jcb,£276.49
921,Floris,Vakhrushin,fvakhrushinpk@eepurl.com,361 Grim Way,50186489878655063,maestro,£460.63
922,Vern,Andreolli,vandreollipl@wsj.com,78792 Claremont Alley,30298151224619,diners-club-carte-blanche,£156.16
923,Bord,Hainey,bhaineypm@chron.com,91 Meadow Ridge Hill,5100145069372846,mastercard,£462.33
924,Lyndy,Albarez,lalbarezpn@joomla.org,72 Park Meadow Center,3549719595943140,jcb,£264.09
925,Del,Lyokhin,dlyokhinpo@ox.ac.uk,5403 Daystar Drive,5420647849407886,diners-club-us-ca,£400.23
926,Durante,Morison,dmorisonpp@gmpg.org,933 Harbort Junction,56022177124032675,china-unionpay,£44.53
927,Kandace,Spring,kspringpq@bloglines.com,8740 Warner Park,201832813739649,diners-club-enroute,£119.49
928,Elyssa,Jorio,ejoriopr@merriam-webster.com,84 Nevada Trail,560221853984044808,china-unionpay,£46.66
929,Darin,Geaveny,dgeavenyps@youtu.be,2950 Mitchell Court,633110949006127008,switch,£451.13
930,Merrilee,Shilvock,mshilvockpt@dedecms.com,3034 Kings Plaza,67096733751558388,laser,£490.69
931,Brenda,Renfree,brenfreepu@yandex.ru,4740 Ohio Court,3549261746901321,jcb,£314.85
932,Prinz,Kilius,pkiliuspv@china.com.cn,29 Lindbergh Plaza,3540696491003865,jcb,£271.53
933,Angelo,Soles,asolespw@lulu.com,795 Thackeray Parkway,5518185198327218,mastercard,£302.74
934,Elke,Temlett,etemlettpx@goo.gl,9344 Meadow Vale Street,3578871641565445,jcb,£310.21
935,Daryl,Walklate,dwalklatepy@latimes.com,873 Dexter Trail,3532483308221208,jcb,£440.98
936,Derward,Deely,ddeelypz@sciencedirect.com,642 Lighthouse Bay Street,5038444083809983,maestro,£308.71
937,Madelon,Bordone,mbordoneq0@ox.ac.uk,7502 Canary Avenue,3545403561171754,jcb,£487.03
938,Todd,Jeremiah,tjeremiahq1@de.vu,0 Golf Course Plaza,3561935611895733,jcb,£404.70
939,Abra,Willingham,awillinghamq2@ox.ac.uk,16 Ridge Oak Avenue,3555640316906268,jcb,£190.36
940,Gamaliel,Casajuana,gcasajuanaq3@patch.com,1 Cottonwood Way,5010124178167776,mastercard,£240.26
941,Nickolaus,Claughton,nclaughtonq4@eventbrite.com,7529 Anniversary Hill,4936121825387538,switch,£194.73
942,Emilia,Sumnall,esumnallq5@mozilla.org,08806 Rusk Center,633341966097625998,switch,£164.89
943,Thorpe,Splevin,tsplevinq6@twitpic.com,8 Northfield Terrace,201541464892124,diners-club-enroute,£497.88
944,Junia,Catherall,jcatherallq7@github.io,0985 Mosinee Lane,3533935468490633,jcb,£48.49
945,Isabelita,Mangenot,imangenotq8@ftc.gov,5 Hanson Hill,5108755842216995,mastercard,£80.28
946,Carmel,Blomefield,cblomefieldq9@squidoo.com,53 Petterle Center,676393048063747993,maestro,£498.74
947,Sarina,Soldan,ssoldanqa@businessweek.com,1 Cambridge Court,36635036524883,diners-club-international,£170.98
948,Myrtice,Moore,mmooreqb@smugmug.com,229 Katie Avenue,67635579150201148,maestro,£405.44
949,Datha,Meers,dmeersqc@storify.com,0791 Beilfuss Crossing,493675281216063773,switch,£408.75
950,Bing,Cambling,bcamblingqd@opera.com,27 Fieldstone Road,30509640045591,diners-club-carte-blanche,£215.12
951,Ingra,Hiddsley,ihiddsleyqe@google.com.hk,49088 Del Sol Circle,3574927740804731,jcb,£412.83
952,Stephani,Swindon,sswindonqf@chicagotribune.com,61 Arizona Avenue,3583347040210456,jcb,£352.64
953,Arlene,Cawkill,acawkillqg@hud.gov,0039 Ridgeview Circle,5100138064644970,mastercard,£138.67
954,Andra,Gervaise,agervaiseqh@state.gov,05 Sugar Drive,5602219194788804876,china-unionpay,£476.39
955,Thomasin,Jaffray,tjaffrayqi@people.com.cn,00 Crescent Oaks Avenue,6709814236980772,laser,£31.63
956,Kally,Sancho,ksanchoqj@icq.com,21 Granby Junction,3576083912223454,jcb,£411.61
957,Aindrea,Minshall,aminshallqk@hp.com,22 Dennis Road,3563453166835920,jcb,£54.00
958,Spike,Billie,sbillieql@networkadvertising.org,9178 Service Avenue,4917971527300962,visa-electron,£472.86
959,Alyosha,Landers,alandersqm@youku.com,72 Anderson Road,501825791438122321,maestro,£32.07
960,Gizela,Mabee,gmabeeqn@eepurl.com,0036 School Crossing,3557725367580548,jcb,£397.60
961,Nikos,Schwandner,nschwandnerqo@gravatar.com,2161 Cottonwood Park,5100137613310810,mastercard,£131.93
962,Barny,Chaters,bchatersqp@meetup.com,89 Saint Paul Road,3534821040832949,jcb,£170.23
963,Bernardo,Margeram,bmargeramqq@vistaprint.com,1766 Almo Crossing,3535395931350252,jcb,£210.18
964,Jo-ann,Glandfield,jglandfieldqr@goo.ne.jp,0 Eliot Hill,3539514553060850,jcb,£89.97
965,Meade,Gillingwater,mgillingwaterqs@sakura.ne.jp,1 Cherokee Way,6759756299522852382,switch,£335.77
966,Eda,Haller,ehallerqt@blogspot.com,24703 Arizona Terrace,3584896864016778,jcb,£184.65
967,Reine,Guest,rguestqu@hatena.ne.jp,61 Chive Hill,30410052135915,diners-club-carte-blanche,£96.52
968,Weider,Meachem,wmeachemqv@zdnet.com,1 Division Alley,3543488764103144,jcb,£69.25
969,Kermie,Smeath,ksmeathqw@meetup.com,6 Prairie Rose Park,5100175720889219,mastercard,£409.77
970,Donnell,Robus,drobusqx@youtu.be,256 Sheridan Pass,6381809877270496,instapayment,£289.15
971,Danica,Simonian,dsimonianqy@liveinternet.ru,46 Summer Ridge Pass,5602254508446714258,china-unionpay,£93.80
972,Dory,Prantoni,dprantoniqz@shop-pro.jp,441 Superior Road,4041379309953231,visa,£250.04
973,Nedi,Stenton,nstentonr0@nih.gov,1105 Schiller Crossing,3562199430930416,jcb,£452.35
974,Tome,Cullip,tcullipr1@answers.com,88 Harper Park,5610205316817846,china-unionpay,£445.00
975,Anatole,Wetherby,awetherbyr2@slideshare.net,16760 Homewood Junction,3555487513762171,jcb,£483.29
976,Marylou,Croall,mcroallr3@mac.com,05105 Carberry Junction,060476059729998679,maestro,£110.30
977,Stanislaw,Oliveira,soliveirar4@photobucket.com,6 Eastlawn Plaza,3564308912501391,jcb,£185.02
978,Fern,Carnew,fcarnewr5@nature.com,935 Knutson Terrace,30261674625464,diners-club-carte-blanche,£403.91
979,Magdalene,Corkill,mcorkillr6@oakley.com,221 Annamark Place,3587668003942223,jcb,£44.59
980,Katalin,Janos,kjanosr7@webmd.com,16698 Sommers Trail,4041591651825821,visa,£232.30
981,Jimmie,MacDermand,jmacdermandr8@quantcast.com,0 Oriole Point,3537705996939195,jcb,£189.66
982,Adrienne,O'Brogan,aobroganr9@com.com,86 Golf View Terrace,67712876736139313,laser,£102.54
983,Francine,Linn,flinnra@netscape.com,6 Di Loreto Avenue,4905782274058453,switch,£446.28
984,Dona,Bruineman,dbruinemanrb@xrea.com,0778 Carioca Junction,5018575112423052849,maestro,£74.68
985,Shawnee,Weine,sweinerc@phpbb.com,505 Dennis Drive,5100136207754235,mastercard,£448.61
986,Ailee,Newick,anewickrd@ocn.ne.jp,33 Mallard Lane,5100170273727296,mastercard,£400.53
987,Cheryl,Horry,chorryre@slideshare.net,2 Grayhawk Drive,3578022280205410,jcb,£28.50
988,Averil,Murdy,amurdyrf@topsy.com,91220 Pond Road,3551137378237470,jcb,£390.25
989,Annamarie,Bonnier,abonnierrg@apple.com,96 Schurz Circle,3568282084490152,jcb,£266.39
990,Corrie,Strass,cstrassrh@angelfire.com,74650 Dixon Parkway,374622433273249,americanexpress,£491.62
991,Lanny,Greenhall,lgreenhallri@globo.com,5 Twin Pines Drive,6304021731719585,maestro,£254.44
992,Ardith,Shelliday,ashellidayrj@nymag.com,3462 Packers Court,5599939798596552,diners-club-us-ca,£315.44
993,Jody,Taylo,jtaylork@wunderground.com,00187 Kropf Road,3575164419208916,jcb,£412.12
994,Cristin,Neilands,cneilandsrl@blog.com,92258 American Ash Pass,5495192775031210,diners-club-us-ca,£198.21
995,Tabbi,Parkman,tparkmanrm@taobao.com,54 Steensland Place,5186515895103002,mastercard,£7.10
996,Mac,Desouza,mdesouzarn@stumbleupon.com,0 Moulton Drive,5602242274166387,china-unionpay,£274.26
997,Alanson,Kocher,akocherro@prweb.com,73174 Mendota Point,6767812878389830,solo,£406.67
998,Miof mela,Vinter,mvinterrp@plala.or.jp,8700 Pierstorff Road,3565178967436366,jcb,£446.80
999,Abner,Kinrade,akinraderq@yelp.com,997 Farmco Terrace,3535676787033781,jcb,£43.94
1000,Madelena,Eykelhof,meykelhofrr@dot.gov,05 Hagan Center,371583092592134,americanexpress,£6.15
